Source,Target
0,18298
6,39114
13,14
13,310
13,413
13,652
13,924
13,982
13,1018
13,1314
13,1384
13,1488
13,1724
13,1847
13,1960
13,3021
13,3022
13,3024
13,3025
13,3051
13,3668
13,3767
13,3917
13,4039
13,4115
13,5001
13,5006
13,5044
13,5057
13,5095
13,5140
13,5141
13,5379
13,7111
13,7385
13,8084
13,10040
13,10760
13,13513
13,13518
13,13524
13,13533
13,13561
13,14701
13,15424
13,18250
13,20276
13,22278
13,22670
13,26233
13,26987
13,26991
13,26995
13,36741
13,36775
13,36842
13,38609
13,40287
13,42946
13,48181
13,48743
13,48988
13,25
13,685
13,856
13,1301
13,1571
13,1575
13,3029
13,3053
13,3500
13,3914
13,5002
13,7266
13,11664
13,12431
13,13540
13,13565
13,14228
13,14702
13,14761
13,16284
13,18437
13,22742
13,24980
13,24988
13,26988
13,28381
13,29845
13,33480
13,36844
13,36854
13,37713
13,37805
13,38591
13,40509
13,40673
13,40821
13,40844
13,40877
13,41110
13,41163
13,41271
13,43071
13,44007
13,44223
13,45402
13,46685
13,46778
13,47524
13,48570
13,48571
13,49374
13,49713
13,49852
13,50083
13,51482
13,51808
13,52717
14,3029
33,874
33,7111
55,20862
79,7128
79,14996
79,3484
79,8079
79,8113
98,11625
122,1762
122,3043
128,630
145,12354
145,7197
145,13104
146,332
146,3624
146,7197
146,53206
147,22043
157,10565
161,8177
164,1488
195,4153
197,7263
217,34
217,116
217,250
217,465
217,621
217,657
217,703
217,1096
217,1101
217,1135
217,1575
217,1611
217,1634
217,1646
217,1653
217,1661
217,1730
217,1781
217,1828
217,1881
217,2003
217,3549
217,3762
217,3986
217,4171
217,5319
217,5320
217,5371
217,7009
217,7019
217,7056
217,7180
217,7189
217,7238
217,8022
217,8043
217,8049
217,8100
217,10099
217,12099
217,15758
217,15884
217,15962
217,16805
217,16807
217,16808
217,19296
217,19298
217,19366
217,19611
217,20683
217,22167
217,22273
217,22275
217,22428
217,25019
217,25162
217,25873
217,26499
217,26502
217,36598
217,1038
217,1660
217,3173
217,3624
217,3767
217,5127
217,7197
217,8089
217,20498
217,37859
217,38933
217,41224
217,43612
217,44436
217,50124
217,50306
217,50394
217,50446
217,50528
217,50551
217,50553
217,50892
217,51095
217,52432
217,53247
217,53416
217,53675
227,46963
249,33436
255,11625
259,7064
264,7059
267,1762
272,1598
272,12969
272,16923
272,22020
272,3595
272,10084
272,17164
272,27727
272,30727
272,38481
272,44767
279,1558
291,2081
291,7126
291,14262
291,14302
291,3029
291,14228
291,19168
291,28306
291,37647
291,43535
291,47071
293,7197
298,1488
301,14996
310,7197
316,27727
317,1488
318,1384
318,3888
332,898
332,1615
332,1777
332,3201
332,8095
332,46607
332,52462
332,52941
332,1762
332,7005
332,15815
333,3640
344,12965
352,630
352,3029
360,18391
360,42824
360,1384
360,1558
360,38127
360,42797
360,45859
360,47615
360,55075
375,10173
375,2022
375,3029
375,3257
375,3595
375,3624
375,7197
375,8078
375,12988
375,26990
375,27708
375,39890
394,663
394,3624
394,7111
395,138
395,631
395,656
395,1367
395,1450
395,1695
395,2007
395,2081
395,3579
395,5034
395,7383
395,18281
395,27334
395,44303
395,46616
395,48942
395,50021
395,1238
395,1281
395,3213
395,3271
395,3484
395,7031
395,7169
395,9004
395,18277
395,27340
395,27343
395,38842
395,41672
395,46617
395,50025
395,50066
395,50133
417,3257
417,7164
417,7197
449,3595
461,147
461,1635
461,3830
461,13005
461,7023
461,7197
461,27761
465,461
465,217
465,3043
465,4001
465,15152
465,55084
467,8043
470,41497
470,96331
504,1092
504,16333
504,49046
504,3257
504,3640
504,4001
504,7164
504,7252
504,12344
504,13810
504,20765
504,27644
504,28306
504,28617
504,29001
504,30621
504,35559
531,17006
534,7343
559,17
559,164
559,205
559,217
559,229
559,271
559,317
559,560
559,561
559,587
559,627
559,628
559,630
559,636
559,735
559,1078
559,1314
559,1488
559,1555
559,1617
559,1661
559,1662
559,2073
559,2120
559,3046
559,3102
559,3275
559,3279
559,3484
559,3748
559,3803
559,3854
559,3977
559,4112
559,4171
559,7177
559,7212
559,7239
559,7240
559,7337
559,7405
559,8043
559,8072
559,16745
559,16750
559,19268
559,22123
559,26511
559,26531
559,26534
559,26541
559,45431
559,52268
559,565
559,1310
559,1377
559,3257
559,3624
559,3640
559,4001
559,4220
559,7197
559,8016
559,11316
559,11800
559,16751
559,16846
559,38772
559,40524
559,42438
559,45872
559,52055
560,1555
560,8118
561,559
578,8051
578,10173
578,40330
581,7364
583,853
591,11661
592,3105
593,898
595,3595
606,3640
607,971
607,1617
607,7197
627,1759
627,7252
628,250
628,651
628,1384
628,1901
628,7104
628,8043
628,8101
628,8118
628,10220
628,16745
628,24894
628,1062
628,1488
628,2022
628,3029
628,3094
628,3257
628,3595
628,3624
628,7111
628,7197
628,8079
628,10706
630,67
630,279
630,332
630,480
630,641
630,642
630,651
630,703
630,744
630,1316
630,1384
630,1488
630,1634
630,1671
630,1730
630,1847
630,1877
630,1911
630,1919
630,1953
630,3243
630,3319
630,3321
630,3325
630,3762
630,3986
630,4153
630,5036
630,5037
630,5039
630,5041
630,7079
630,7104
630,7358
630,8043
630,8100
630,8118
630,8119
630,8127
630,8162
630,11701
630,13972
630,17719
630,17722
630,17723
630,17724
630,17730
630,17731
630,17914
630,18341
630,18733
630,20453
630,21961
630,30660
630,40396
630,48479
630,352
630,576
630,1901
630,3257
630,3595
630,3640
630,3767
630,3888
630,4215
630,5043
630,7111
630,7138
630,7197
630,8022
630,8143
630,8153
630,10084
630,14881
630,17935
630,22756
630,28143
630,41149
630,45780
630,46826
630,46868
630,48167
630,48397
630,51719
630,52514
630,52545
630,54319
636,217
636,28306
642,630
651,630
669,1349
669,1391
669,1411
669,1493
669,25639
669,39877
685,13
695,1500
699,15296
703,1768
703,2040
703,3012
703,7093
703,26364
703,37411
703,44169
703,512
703,15459
703,22256
703,39357
703,40645
703,47986
703,53120
703,53203
703,53345
703,53552
703,53711
703,53712
723,7197
727,7059
735,3043
735,3767
735,4001
753,3640
753,7111
764,3624
800,7197
803,1384
808,1488
808,21214
833,830
851,7197
853,1845
853,3568
853,17037
853,19266
853,20158
853,44126
853,583
853,16904
853,17038
853,37844
853,38353
853,39085
853,42428
853,43556
853,43937
853,44244
853,47543
853,47705
853,51270
853,53565
853,53582
853,53730
881,8146
898,1877
898,593
898,1908
898,3402
898,3640
898,27784
898,67772
898,99716
901,3257
901,7197
941,3144
941,7197
944,7197
965,217
965,630
965,1384
965,7111
971,3029
971,7111
971,10084
982,561
982,630
982,634
982,781
982,1493
982,1845
982,1960
982,11793
982,4001
982,16809
1013,874
1062,42455
1092,13810
1094,332
1094,363
1097,13810
1099,18841
1144,2022
1144,8131
1144,13712
1156,3102
1156,3105
1195,7197
1220,449
1220,634
1220,636
1220,663
1220,809
1220,1018
1220,1384
1220,1437
1220,1488
1220,1521
1220,1595
1220,1762
1220,1771
1220,1953
1220,3339
1220,3580
1220,3958
1220,4148
1220,5035
1220,5038
1220,5191
1220,7129
1220,7288
1220,8051
1220,8162
1220,11655
1220,11791
1220,16251
1220,16421
1220,17915
1220,19098
1220,20448
1220,21619
1220,22583
1220,24380
1220,26366
1220,39419
1220,45549
1220,649
1220,1759
1220,4144
1220,5073
1220,7197
1220,7250
1220,10801
1220,37823
1220,45189
1220,49998
1220,51151
1220,51724
1220,52508
1220,52536
1226,3257
1230,2022
1230,4001
1232,1400
1232,10156
1237,5061
1237,5240
1237,19865
1237,43074
1238,869
1244,402
1281,395
1294,3888
1304,1759
1309,1762
1309,7197
1309,7343
1310,119
1310,562
1310,1178
1310,1767
1310,8087
1314,1953
1314,1759
1314,3257
1314,4001
1314,7197
1314,10755
1314,10840
1324,77
1324,504
1324,559
1324,578
1324,1200
1324,1593
1324,1617
1324,3009
1324,3100
1324,3830
1324,5107
1324,5314
1324,13496
1324,13975
1324,15061
1324,19074
1324,19273
1324,19503
1324,21095
1324,23094
1324,24728
1324,24938
1324,26404
1324,26437
1324,38774
1324,38892
1324,40369
1324,45134
1324,3766
1324,7118
1324,24940
1324,26447
1324,38949
1324,40362
1324,40436
1324,40552
1324,41940
1324,42741
1324,45685
1324,47001
1324,47221
1324,48369
1324,48860
1324,48861
1327,1384
1327,3257
1327,7197
1353,3513
1353,15501
1353,27957
1360,152
1360,20059
1360,41428
1384,98
1384,116
1384,118
1384,223
1384,295
1384,344
1384,552
1384,607
1384,628
1384,630
1384,636
1384,651
1384,685
1384,702
1384,727
1384,770
1384,788
1384,797
1384,803
1384,832
1384,911
1384,1048
1384,1207
1384,1227
1384,1314
1384,1316
1384,1353
1384,1359
1384,1361
1384,1385
1384,1449
1384,1455
1384,1464
1384,1488
1384,1558
1384,1571
1384,1611
1384,1617
1384,1635
1384,1646
1384,1651
1384,1717
1384,1722
1384,1730
1384,1762
1384,1771
1384,1828
1384,1847
1384,1881
1384,1893
1384,1895
1384,1919
1384,1953
1384,1960
1384,1967
1384,2003
1384,2020
1384,2024
1384,2029
1384,2073
1384,2123
1384,3161
1384,3279
1384,3404
1384,3483
1384,3513
1384,3528
1384,3580
1384,3649
1384,3689
1384,3762
1384,3785
1384,3829
1384,3861
1384,3941
1384,3958
1384,4058
1384,4082
1384,4124
1384,4126
1384,4129
1384,4183
1384,4206
1384,5090
1384,5093
1384,5094
1384,5096
1384,5150
1384,5151
1384,5152
1384,5168
1384,5223
1384,5241
1384,5353
1384,5369
1384,5384
1384,7018
1384,7059
1384,7060
1384,7064
1384,7068
1384,7079
1384,7104
1384,7105
1384,7116
1384,7238
1384,7239
1384,7308
1384,7364
1384,7384
1384,8006
1384,8022
1384,8043
1384,8051
1384,8064
1384,8100
1384,8116
1384,8118
1384,8119
1384,8136
1384,8145
1384,8153
1384,8162
1384,8165
1384,9003
1384,9005
1384,9006
1384,10170
1384,10502
1384,11655
1384,11770
1384,11942
1384,12215
1384,12319
1384,12850
1384,12997
1384,13057
1384,13742
1384,14043
1384,14375
1384,14386
1384,14483
1384,14622
1384,14623
1384,15239
1384,15516
1384,15697
1384,15744
1384,15962
1384,16173
1384,16255
1384,16419
1384,16424
1384,16444
1384,16579
1384,17031
1384,17935
1384,18529
1384,18730
1384,18731
1384,18732
1384,18734
1384,18735
1384,19558
1384,19670
1384,19935
1384,20604
1384,20822
1384,21274
1384,21619
1384,21794
1384,22123
1384,22278
1384,22724
1384,22737
1384,26334
1384,26509
1384,27007
1384,27071
1384,27073
1384,40998
1384,45753
1384,46326
1384,318
1384,360
1384,669
1384,2036
1384,3075
1384,3153
1384,3244
1384,3257
1384,3484
1384,3541
1384,3543
1384,3595
1384,3624
1384,3640
1384,3687
1384,3767
1384,4001
1384,4027
1384,4184
1384,5099
1384,7108
1384,7111
1384,7197
1384,8078
1384,9004
1384,10084
1384,10681
1384,10706
1384,10740
1384,10801
1384,10809
1384,10815
1384,11656
1384,11666
1384,11979
1384,12016
1384,14027
1384,16827
1384,17291
1384,18268
1384,20765
1384,22339
1384,24811
1384,27957
1384,28143
1384,30397
1384,38271
1384,38692
1384,38783
1384,40289
1384,40302
1384,43019
1384,43984
1384,44890
1384,46621
1384,46966
1384,47217
1384,47356
1384,48090
1384,49427
1384,49978
1384,49979
1384,50385
1384,50389
1384,50391
1384,50579
1384,50680
1384,50681
1384,51246
1384,51496
1384,52391
1384,52420
1384,53267
1384,53465
1384,53551
1384,53752
1384,118876
1385,1384
1391,1488
1391,7197
1400,8098
1400,1232
1400,2022
1400,7072
1400,10156
1408,435
1408,504
1408,3415
1408,8085
1408,10389
1411,1759
1411,3257
1411,3595
1411,7197
1414,11625
1416,7020
1417,3
1417,13
1417,79
1417,118
1417,291
1417,394
1417,440
1417,559
1417,560
1417,561
1417,638
1417,644
1417,735
1417,982
1417,1078
1417,1166
1417,1195
1417,1220
1417,1254
1417,1309
1417,1314
1417,1326
1417,1384
1417,1416
1417,1488
1417,1493
1417,1535
1417,1571
1417,1767
1417,1789
1417,1865
1417,1867
1417,1953
1417,2081
1417,3320
1417,3709
1417,3767
1417,3791
1417,5029
1417,7020
1417,7039
1417,7060
1417,7094
1417,7212
1417,7383
1417,7404
1417,8089
1417,8107
1417,8116
1417,8136
1417,8147
1417,8154
1417,14209
1417,15155
1417,18399
1417,26315
1417,34017
1417,34020
1417,34097
1417,34100
1417,34106
1417,45753
1417,95228
1417,565
1417,1165
1417,3057
1417,3103
1417,3257
1417,3391
1417,3402
1417,7052
1417,7391
1417,20770
1417,26316
1417,26324
1417,26329
1417,34090
1417,34113
1417,38958
1417,47208
1432,3484
1449,262
1449,621
1449,744
1449,1309
1449,1464
1449,2073
1449,3580
1449,5012
1449,5232
1449,8165
1449,11777
1449,13243
1449,20911
1449,27071
1449,39309
1449,41656
1449,48137
1449,3595
1449,3767
1449,15171
1450,47
1450,1384
1450,1408
1450,1443
1450,1521
1450,1537
1450,3351
1450,4067
1450,5221
1450,5310
1450,5313
1450,5357
1450,7010
1450,7399
1450,11764
1450,17842
1450,18655
1450,21131
1450,23628
1450,25463
1450,27005
1450,27007
1450,27016
1450,27019
1450,27023
1450,541
1450,3624
1450,3905
1450,5123
1450,5307
1450,14253
1450,18656
1450,18839
1450,18923
1450,27011
1450,41696
1450,45326
1450,47106
1450,47569
1450,48142
1450,50791
1453,375
1453,1453
1453,1595
1453,3754
1453,7011
1453,7157
1453,7364
1453,16286
1453,26942
1453,27025
1453,27029
1453,39517
1453,3029
1453,3484
1453,7111
1453,7112
1453,7114
1453,14697
1453,46904
1453,53623
1453,53848
1460,7005
1460,11811
1460,13530
1483,19870
1483,43007
1486,12354
1488,97
1488,98
1488,99
1488,147
1488,299
1488,353
1488,487
1488,559
1488,628
1488,630
1488,703
1488,833
1488,942
1488,1033
1488,1220
1488,1230
1488,1314
1488,1391
1488,1486
1488,1571
1488,1615
1488,1640
1488,1762
1488,1953
1488,1960
1488,2123
1488,3279
1488,3306
1488,3333
1488,3509
1488,3700
1488,3744
1488,3762
1488,5032
1488,5106
1488,5370
1488,7026
1488,7053
1488,7109
1488,8005
1488,8043
1488,8080
1488,8119
1488,8165
1488,10170
1488,10173
1488,17286
1488,17743
1488,20419
1488,21213
1488,21217
1488,21225
1488,21226
1488,22123
1488,22347
1488,22348
1488,24398
1488,26511
1488,40384
1488,40769
1488,41030
1488,42421
1488,164
1488,213
1488,298
1488,317
1488,669
1488,700
1488,808
1488,1156
1488,1493
1488,1759
1488,1847
1488,2022
1488,3029
1488,3083
1488,3257
1488,3595
1488,3624
1488,3640
1488,3746
1488,3977
1488,4001
1488,4175
1488,7007
1488,7164
1488,7197
1488,7252
1488,8017
1488,8062
1488,8078
1488,10084
1488,10706
1488,10740
1488,10755
1488,12354
1488,12431
1488,14881
1488,15744
1488,17177
1488,18088
1488,20221
1488,21215
1488,22349
1488,22723
1488,25127
1488,27039
1488,27853
1488,28143
1488,38101
1488,38721
1488,38727
1488,38732
1488,38742
1488,38769
1488,38814
1488,38861
1488,38863
1488,38865
1488,38883
1488,38886
1488,38889
1488,38895
1488,40674
1488,40788
1488,41290
1488,41358
1488,45921
1488,46633
1488,47005
1488,47094
1488,48299
1488,48355
1488,49739
1488,50035
1488,50245
1488,50410
1488,50557
1491,19175
1493,217
1493,271
1493,560
1493,630
1493,735
1493,1000
1493,1384
1493,1488
1493,1661
1493,1865
1493,2026
1493,3279
1493,3549
1493,3762
1493,3767
1493,5095
1493,5108
1493,7094
1493,10173
1493,11688
1493,13776
1493,16054
1493,19075
1493,19221
1493,20415
1493,27127
1493,34891
1493,48614
1493,1496
1493,1507
1493,1538
1493,3257
1493,4001
1493,7111
1493,7197
1493,10801
1493,16692
1493,19176
1493,19177
1493,19180
1493,19182
1493,19183
1493,20886
1493,22214
1493,22215
1493,28306
1493,30727
1493,36875
1493,38457
1493,41028
1493,42408
1493,44534
1493,52910
1493,53069
1493,53255
1493,53419
1493,53629
1493,53641
1493,53644
1493,53722
1493,53810
1493,99231
1496,1493
1500,21629
1505,12354
1505,27853
1505,28617
1512,795
1521,1762
1521,7005
1521,17517
1521,2022
1521,7197
1521,11885
1521,15459
1521,46132
1525,12941
1531,12319
1541,898
1541,1640
1541,44726
1542,2022
1542,15459
1555,628
1558,217
1558,225
1558,271
1558,279
1558,299
1558,321
1558,332
1558,344
1558,411
1558,465
1558,630
1558,911
1558,1096
1558,1384
1558,1575
1558,1640
1558,1730
1558,1781
1558,1901
1558,1997
1558,2045
1558,2073
1558,3180
1558,3219
1558,3279
1558,3528
1558,4153
1558,5209
1558,5274
1558,7251
1558,7402
1558,8022
1558,8031
1558,8100
1558,8111
1558,8119
1558,8136
1558,8145
1558,8165
1558,10166
1558,10623
1558,11695
1558,11696
1558,12850
1558,12950
1558,13742
1558,16805
1558,17672
1558,17768
1558,18304
1558,18315
1558,18342
1558,19288
1558,20346
1558,21361
1558,21382
1558,22744
1558,39421
1558,48284
1558,360
1558,1565
1558,1598
1558,1646
1558,1847
1558,3054
1558,7042
1558,7197
1558,15753
1558,19506
1558,23350
1558,38149
1558,38305
1558,40459
1558,40990
1558,41739
1558,43493
1558,43878
1558,44069
1558,45400
1558,45904
1558,46030
1558,46556
1558,50381
1558,55870
1558,97901
1565,1558
1565,3513
1565,12319
1571,13
1571,1417
1571,1488
1571,1762
1571,3595
1571,4001
1571,13810
1575,12965
1575,13
1575,1759
1575,1953
1575,3029
1575,3624
1575,7111
1575,10585
1575,10878
1593,3402
1593,7263
1593,8017
1593,8078
1593,10389
1595,1651
1595,3595
1596,3640
1598,656
1598,16054
1598,21531
1598,1558
1598,1802
1598,3094
1598,7197
1598,10289
1598,10644
1598,19076
1598,21527
1598,21528
1598,40330
1598,43445
1598,43647
1598,43651
1598,43655
1598,51697
1611,38140
1615,1488
1615,8095
1615,8102
1615,15396
1615,46425
1615,3767
1615,21610
1635,4001
1635,8116
1640,1558
1641,1169
1641,3595
1641,8017
1646,1558
1647,1759
1647,10210
1648,20853
1649,607
1649,8038
1649,1759
1649,44896
1651,217
1651,318
1651,597
1651,630
1651,636
1651,1384
1651,1505
1651,1595
1651,1730
1651,1828
1651,1916
1651,2020
1651,3404
1651,3415
1651,3461
1651,3465
1651,3466
1651,3513
1651,3706
1651,3874
1651,3941
1651,4072
1651,4124
1651,4165
1651,7064
1651,7104
1651,8043
1651,11138
1651,11384
1651,11547
1651,11554
1651,12019
1651,12319
1651,12324
1651,13377
1651,14080
1651,20908
1651,21137
1651,21663
1651,22054
1651,26395
1651,37556
1651,37582
1651,37597
1651,37971
1651,42159
1651,49436
1651,669
1651,1062
1651,3029
1651,3034
1651,3049
1651,3244
1651,3257
1651,3438
1651,3484
1651,3543
1651,3595
1651,3640
1651,3676
1651,3888
1651,5004
1651,7111
1651,7197
1651,7263
1651,8116
1651,8128
1651,10566
1651,10598
1651,11983
1651,18645
1651,19567
1651,22652
1651,24918
1651,26402
1651,27770
1651,28143
1651,28617
1651,39086
1651,42454
1651,44700
1651,47344
1651,47676
1651,49862
1651,49865
1651,49876
1651,51576
1651,53181
1651,53535
1661,7197
1707,333
1707,345
1707,26109
1716,8075
1717,705
1717,874
1717,1716
1717,3513
1717,5066
1717,7079
1717,15939
1717,21803
1717,4001
1717,21804
1717,27759
1717,39297
1717,46587
1717,46872
1717,47673
1717,94724
1730,1384
1730,1062
1730,3595
1730,3624
1730,4001
1730,7197
1730,10289
1759,3
1759,1314
1759,1493
1759,8089
1759,11663
1759,12354
1759,19865
1759,20984
1759,29869
1760,1316
1760,1445
1760,1960
1760,2112
1760,10943
1760,11753
1760,14737
1760,16838
1760,21591
1760,24383
1760,25677
1760,26576
1760,37485
1760,37492
1760,3595
1760,3624
1760,49745
1760,50539
1762,55
1762,77
1762,118
1762,122
1762,217
1762,225
1762,245
1762,293
1762,333
1762,461
1762,465
1762,480
1762,628
1762,664
1762,718
1762,723
1762,727
1762,770
1762,788
1762,911
1762,964
1762,1024
1762,1048
1762,1085
1762,1188
1762,1216
1762,1294
1762,1309
1762,1314
1762,1348
1762,1353
1762,1361
1762,1384
1762,1400
1762,1437
1762,1445
1762,1449
1762,1489
1762,1514
1762,1521
1762,1531
1762,1617
1762,1633
1762,1635
1762,1717
1762,1722
1762,1781
1762,1845
1762,1847
1762,1856
1762,1865
1762,1893
1762,1953
1762,1960
1762,2020
1762,3013
1762,3054
1762,3055
1762,3058
1762,3250
1762,3307
1762,3505
1762,3554
1762,3580
1762,3623
1762,3739
1762,3903
1762,3941
1762,3958
1762,3965
1762,4017
1762,4020
1762,5011
1762,5051
1762,5101
1762,5124
1762,5130
1762,5219
1762,5252
1762,5258
1762,5262
1762,5399
1762,5424
1762,7076
1762,7082
1762,7099
1762,7102
1762,7173
1762,7174
1762,7177
1762,7240
1762,7304
1762,7323
1762,7326
1762,7363
1762,7364
1762,7374
1762,7384
1762,8016
1762,8031
1762,8033
1762,8043
1762,8103
1762,8109
1762,8119
1762,8135
1762,8136
1762,9001
1762,9002
1762,9003
1762,9005
1762,10178
1762,10186
1762,10414
1762,10532
1762,11247
1762,11791
1762,11940
1762,11941
1762,12272
1762,12297
1762,12319
1762,13377
1762,14111
1762,14381
1762,14787
1762,15744
1762,15939
1762,15946
1762,16173
1762,16579
1762,18268
1762,18436
1762,18644
1762,18648
1762,18649
1762,18873
1762,19349
1762,19350
1762,19611
1762,20691
1762,20849
1762,20899
1762,21429
1762,21619
1762,21944
1762,22199
1762,22230
1762,22566
1762,24263
1762,24276
1762,25459
1762,25979
1762,27097
1762,27110
1762,27115
1762,27762
1762,27769
1762,37903
1762,40470
1762,40914
1762,42396
1762,43344
1762,43953
1762,45682
1762,267
1762,332
1762,669
1762,870
1762,1571
1762,1759
1762,2026
1762,3056
1762,3150
1762,3257
1762,3484
1762,3595
1762,3640
1762,3967
1762,3968
1762,4001
1762,5026
1762,5112
1762,5354
1762,7111
1762,7197
1762,7324
1762,8098
1762,10084
1762,10389
1762,10565
1762,10566
1762,10801
1762,12236
1762,12313
1762,14074
1762,15449
1762,15532
1762,18537
1762,18643
1762,18645
1762,18647
1762,19904
1762,20450
1762,21275
1762,24412
1762,24811
1762,27109
1762,27397
1762,27727
1762,27770
1762,27957
1762,29551
1762,30727
1762,37205
1762,38062
1762,39228
1762,39625
1762,40029
1762,40401
1762,40419
1762,40750
1762,40759
1762,41353
1762,41356
1762,41650
1762,41723
1762,41837
1762,42820
1762,43352
1762,44766
1762,45386
1762,45767
1762,45771
1762,46094
1762,46643
1762,47455
1762,48046
1762,48199
1762,48355
1762,49501
1762,49662
1762,50532
1762,50543
1762,50556
1762,50591
1762,51446
1762,53511
1762,53691
1762,53856
1767,1310
1768,7097
1787,21993
1804,3624
1844,7111
1845,411
1845,449
1845,651
1845,703
1845,899
1845,1137
1845,1391
1845,1435
1845,1593
1845,1810
1845,1881
1845,3388
1845,3441
1845,3442
1845,5017
1845,5019
1845,5028
1845,5031
1845,5133
1845,5139
1845,5241
1845,5306
1845,5393
1845,7008
1845,7119
1845,7186
1845,7304
1845,8022
1845,8031
1845,8119
1845,8127
1845,9004
1845,10395
1845,10396
1845,10468
1845,10510
1845,10531
1845,12755
1845,14625
1845,14786
1845,16807
1845,19288
1845,19735
1845,22159
1845,25664
1845,25676
1845,36598
1845,41030
1845,51114
1845,3624
1845,3979
1845,4223
1845,7197
1845,18643
1845,26634
1845,40394
1845,44109
1845,49731
1845,50340
1845,50398
1845,50581
1845,50701
1845,50922
1845,50934
1847,1953
1847,1488
1847,4001
1847,10706
1847,43157
1863,18089
1881,3767
1882,8098
1882,53548
1894,18896
1897,7408
1901,630
1901,17736
1919,26501
1953,630
1953,703
1953,911
1953,1575
1953,1881
1953,12111
1953,669
1953,1488
1953,2054
1953,3103
1953,3595
1953,4001
1953,7026
1953,7138
1953,7197
1953,8014
1953,10084
1953,10389
1953,10706
1953,43688
1955,2022
1955,8078
1955,19699
1957,663
1959,21356
1960,1384
1960,3595
1960,4001
1960,10258
2020,34789
2022,121
2022,1356
2022,1524
2022,3102
2022,3489
2022,3510
2022,3888
2022,4034
2022,5068
2022,7012
2022,7045
2022,7072
2022,7128
2022,8132
2022,11832
2022,11885
2022,13712
2022,14124
2022,15717
2022,16049
2022,21905
2022,25694
2022,27157
2022,27165
2022,27176
2022,43953
2022,49599
2022,375
2022,628
2022,1144
2022,1156
2022,1230
2022,1400
2022,1488
2022,1521
2022,1542
2022,1955
2022,3075
2022,3094
2022,3105
2022,3257
2022,3359
2022,4163
2022,7199
2022,8008
2022,8029
2022,8078
2022,8079
2022,10703
2022,11134
2022,11887
2022,13411
2022,13680
2022,16532
2022,17296
2022,18063
2022,18843
2022,19699
2022,20077
2022,22391
2022,25127
2022,27148
2022,27152
2022,29869
2022,35559
2022,41496
2022,41568
2022,41724
2022,43508
2022,45359
2022,45674
2022,46125
2022,47628
2022,49387
2022,49388
2022,49552
2022,49947
2022,53110
2022,53125
2022,53133
2022,53633
2022,53809
2022,95919
2026,1762
2054,1953
2054,7136
2054,22670
2073,628
2073,1314
2073,1349
2073,1768
2073,1384
2073,4001
2073,7364
2073,10840
2073,12236
2073,77257
2087,8064
2112,3624
2124,3767
3022,3029
3025,3767
3028,1707
3028,3029
3029,13
3029,1287
3029,1314
3029,1384
3029,3023
3029,3888
3029,5083
3029,5103
3029,5266
3029,5410
3029,7053
3029,8099
3029,8145
3029,11658
3029,14220
3029,16871
3029,19168
3029,19865
3029,20457
3029,20499
3029,22341
3029,24832
3029,36888
3029,36897
3029,41037
3029,44047
3029,45988
3029,291
3029,315
3029,352
3029,375
3029,628
3029,971
3029,1453
3029,1488
3029,1575
3029,1651
3029,3022
3029,3028
3029,3207
3029,3640
3029,3676
3029,3743
3029,3767
3029,3958
3029,7045
3029,7111
3029,7372
3029,8001
3029,8123
3029,10877
3029,13071
3029,13383
3029,13384
3029,13522
3029,13531
3029,13539
3029,13543
3029,13548
3029,13551
3029,13798
3029,14761
3029,16813
3029,20419
3029,21382
3029,22278
3029,25531
3029,38365
3029,40275
3029,40387
3029,40704
3029,42191
3029,42761
3029,42799
3029,45100
3029,46095
3029,46684
3029,46790
3029,48090
3029,48193
3029,49461
3029,50220
3029,52315
3029,53021
3029,53039
3029,53229
3029,53270
3029,53330
3029,53401
3029,53555
3029,53818
3043,138
3043,610
3043,636
3043,735
3043,971
3043,1314
3043,1384
3043,1493
3043,1521
3043,1845
3043,2082
3043,3767
3043,5095
3043,7072
3043,7111
3043,7364
3043,11663
3043,11688
3043,14087
3043,19075
3043,24812
3043,27128
3043,27700
3043,29869
3043,34891
3043,44782
3043,47952
3043,122
3043,465
3043,3484
3043,3624
3043,3640
3043,3888
3043,7051
3043,7084
3043,7197
3043,8078
3043,12354
3043,16282
3043,27133
3043,28381
3043,30727
3043,37886
3043,40425
3043,40822
3043,42615
3043,43007
3043,43524
3043,43658
3043,44383
3043,45523
3043,45578
3043,45900
3043,46289
3043,46290
3043,47503
3043,48974
3043,52719
3043,53069
3043,53205
3043,53309
3043,53324
3043,53431
3050,3105
3050,7127
3050,11658
3054,1558
3075,3676
3081,1384
3081,3043
3081,3051
3081,3767
3081,4205
3081,5006
3081,5213
3081,7111
3081,7363
3081,8136
3081,12995
3081,14300
3081,14301
3081,20419
3081,34891
3081,1759
3081,3640
3081,3812
3081,7076
3081,8008
3081,10876
3081,14305
3081,14761
3081,22724
3081,27727
3081,27791
3081,46473
3081,46792
3081,48636
3081,52730
3081,52731
3081,52740
3081,53471
3094,1955
3094,2022
3094,7128
3094,8132
3094,11885
3094,13695
3094,20984
3102,628
3102,1401
3102,11411
3102,11885
3102,15703
3102,19151
3102,3105
3102,3257
3102,3718
3102,4001
3102,7252
3102,10084
3102,27727
3102,28143
3102,28306
3102,49192
3102,52846
3105,3
3105,628
3105,636
3105,728
3105,982
3105,1000
3105,1314
3105,1953
3105,3102
3105,7026
3105,7098
3105,8051
3105,11658
3105,16878
3105,20425
3105,37799
3105,49046
3105,2022
3105,3075
3105,3103
3105,3257
3105,4001
3105,4125
3105,7055
3105,10084
3105,10565
3105,10678
3105,13810
3105,15459
3105,28306
3105,52387
3144,7402
3186,12354
3207,3180
3207,3029
3207,12126
3213,8015
3244,607
3244,1649
3244,11372
3244,18670
3244,18679
3244,20955
3244,21765
3244,1384
3244,1651
3244,13524
3244,16558
3244,16559
3244,16560
3244,16561
3244,16562
3244,20937
3244,25243
3244,25348
3244,37074
3244,39659
3244,41844
3244,42635
3244,45345
3244,46597
3244,48314
3244,49763
3244,51476
3257,79
3257,375
3257,417
3257,504
3257,1384
3257,1411
3257,3102
3257,3105
3257,3411
3257,3676
3257,3897
3257,7128
3257,8018
3257,8043
3257,8085
3257,8116
3257,8154
3257,11885
3257,13219
3257,17935
3257,20415
3257,21581
3257,27250
3257,43107
3257,47425
3258,8043
3279,593
3279,735
3279,1092
3279,1316
3279,1488
3279,1558
3279,1845
3279,1903
3279,1960
3279,2123
3279,7126
3279,8049
3279,10220
3279,18733
3279,22123
3279,1493
3279,1759
3279,3257
3279,7111
3279,7197
3279,15459
3294,504
3294,3102
3294,3105
3314,1953
3314,27727
3364,7197
3368,8051
3394,2022
3394,11664
3394,11885
3402,1593
3402,3871
3402,5248
3402,7241
3402,11811
3402,13712
3402,16044
3404,18649
3404,11625
3415,3767
3438,433
3438,504
3438,719
3438,935
3438,1384
3438,1707
3438,1767
3438,1967
3438,3483
3438,7364
3438,8153
3438,11793
3438,40304
3438,1651
3438,7064
3438,7197
3438,16329
3438,19835
3438,40679
3438,40684
3438,42731
3438,42975
3438,44551
3438,47144
3438,53064
3439,504
3439,935
3439,7197
3439,10801
3439,46163
3442,3640
3483,1384
3483,3438
3483,7111
3483,7197
3483,27957
3484,559
3484,818
3484,1384
3484,1450
3484,3043
3484,3676
3484,5052
3484,14250
3484,19865
3484,21905
3484,22278
3484,22612
3484,52840
3484,79
3484,395
3484,1432
3484,1453
3484,1651
3484,1762
3484,1951
3484,1970
3484,3380
3484,3767
3484,7059
3484,7111
3484,7128
3484,8143
3484,18063
3484,19167
3484,29845
3484,29944
3484,35111
3484,39577
3484,41635
3484,43523
3484,43524
3484,45367
3484,47086
3484,49249
3484,53261
3502,3640
3502,7197
3505,1762
3513,628
3513,1378
3513,1651
3513,1717
3513,1835
3513,1919
3513,2045
3513,3404
3513,3528
3513,3580
3513,5329
3513,7064
3513,8043
3513,8118
3513,8119
3513,12319
3513,15387
3513,19797
3513,19804
3513,19817
3513,19819
3513,19820
3513,19845
3513,46223
3513,1565
3513,3814
3513,7170
3513,14027
3513,19799
3513,19800
3513,19811
3513,19824
3513,19841
3513,19846
3513,19848
3513,19853
3513,38490
3513,41281
3513,45979
3513,47119
3513,47727
3513,47763
3513,52654
3513,52867
3513,53642
3513,97492
3517,3512
3528,27727
3537,669
3541,17237
3541,1384
3580,229
3580,262
3580,332
3580,353
3580,898
3580,1207
3580,1226
3580,1847
3580,1901
3580,1919
3580,1960
3580,2087
3580,5143
3580,5336
3580,5416
3580,7059
3580,7079
3580,7157
3580,8162
3580,10170
3580,11655
3580,14921
3580,14935
3580,15752
3580,15986
3580,17769
3580,20035
3580,26059
3580,26359
3580,43570
3580,47466
3580,1220
3580,3624
3580,7111
3580,7197
3580,7250
3580,13251
3580,27397
3580,28143
3580,40412
3580,46644
3580,50620
3580,50624
3580,50626
3580,50630
3580,50780
3580,51151
3580,51365
3580,51844
3583,1845
3583,3339
3583,3427
3583,3487
3583,3857
3583,15162
3583,17917
3583,18279
3583,24379
3583,24398
3583,26340
3583,26344
3583,27563
3583,36496
3583,39528
3583,39956
3583,44558
3583,52272
3583,1963
3583,7197
3583,10018
3583,10677
3583,19714
3583,22051
3583,26345
3583,33290
3583,38058
3583,38063
3583,38283
3583,38462
3583,45995
3583,47837
3583,52098
3583,53045
3594,3597
3594,4025
3594,4040
3594,4055
3594,5154
3594,5259
3594,5377
3594,7071
3594,17383
3594,17656
3594,20132
3594,20281
3594,27761
3595,1595
3595,1730
3595,3676
3595,8154
3595,8173
3595,11066
3595,11415
3595,12319
3595,16049
3595,19865
3595,25459
3595,44297
3618,3624
3624,853
3624,1730
3624,2112
3624,3618
3624,3623
3624,5166
3624,7128
3624,8043
3624,12319
3624,19865
3624,22278
3632,1762
3634,3640
3640,1596
3640,3029
3640,3442
3640,3676
3640,3767
3640,8043
3640,8100
3640,15296
3640,24830
3640,27761
3649,8116
3649,10173
3649,12598
3672,627
3672,644
3672,1309
3672,1400
3672,1649
3672,1707
3672,3767
3672,5089
3672,8088
3672,8098
3672,11372
3672,13217
3672,32036
3672,45523
3672,1516
3672,15269
3672,15459
3672,26648
3672,42349
3672,43017
3672,47773
3672,49878
3672,53536
3672,53806
3674,14246
3676,79
3676,248
3676,461
3676,728
3676,1292
3676,1648
3676,1651
3676,2112
3676,7064
3676,10499
3676,11316
3676,18299
3676,19415
3676,19865
3676,26612
3676,3029
3676,3075
3676,3257
3676,3484
3676,3595
3676,3640
3676,3767
3676,4027
3676,7007
3676,7023
3676,7111
3676,7197
3676,8078
3676,8113
3676,8143
3676,10389
3676,10566
3676,10706
3676,10759
3676,10801
3676,12431
3676,14044
3676,14881
3676,15269
3676,16118
3676,18726
3676,19699
3676,20450
3676,27957
3676,28617
3676,33233
3676,40452
3676,45048
3676,45248
3676,118878
3689,1384
3707,10296
3707,18049
3718,1488
3754,3888
3762,217
3762,375
3762,628
3762,630
3762,636
3762,1384
3762,1493
3762,1617
3762,1847
3762,1953
3762,1967
3762,2123
3762,3763
3762,3767
3762,4058
3762,5106
3762,7059
3762,12319
3762,39061
3762,44956
3762,3761
3762,19219
3762,40344
3762,53444
3767,14
3767,79
3767,112
3767,113
3767,145
3767,147
3767,207
3767,217
3767,272
3767,333
3767,345
3767,375
3767,468
3767,508
3767,546
3767,562
3767,578
3767,586
3767,627
3767,628
3767,630
3767,634
3767,636
3767,722
3767,844
3767,901
3767,971
3767,982
3767,1000
3767,1195
3767,1202
3767,1220
3767,1314
3767,1327
3767,1359
3767,1384
3767,1408
3767,1453
3767,1488
3767,1493
3767,1505
3767,1555
3767,1635
3767,1645
3767,1651
3767,1707
3767,1762
3767,1840
3767,1881
3767,1953
3767,1977
3767,2000
3767,2007
3767,2133
3767,3025
3767,3043
3767,3256
3767,3279
3767,3283
3767,3484
3767,3580
3767,3676
3767,3762
3767,3828
3767,3997
3767,4171
3767,5095
3767,5108
3767,5109
3767,5111
3767,7026
3767,7039
3767,7045
3767,7059
3767,7072
3767,7098
3767,7111
3767,7126
3767,7282
3767,7308
3767,7364
3767,7376
3767,8022
3767,8085
3767,8098
3767,8116
3767,8126
3767,8127
3767,8136
3767,9007
3767,10173
3767,10548
3767,11316
3767,11415
3767,12354
3767,12964
3767,12969
3767,13017
3767,13213
3767,13275
3767,13565
3767,15014
3767,16054
3767,16566
3767,16667
3767,18512
3767,19075
3767,19076
3767,19168
3767,19437
3767,19865
3767,19869
3767,20419
3767,20457
3767,21097
3767,21903
3767,22342
3767,23094
3767,24488
3767,24980
3767,26404
3767,26415
3767,26614
3767,27114
3767,27122
3767,27127
3767,27761
3767,27769
3767,29869
3767,30304
3767,33480
3767,34891
3767,36071
3767,37681
3767,42362
3767,43894
3767,44423
3767,44601
3767,44956
3767,45523
3767,48614
3767,51512
3767,13
3767,114
3767,669
3767,735
3767,1062
3767,1343
3767,1449
3767,1527
3767,1615
3767,1759
3767,1889
3767,1951
3767,2124
3767,3029
3767,3037
3767,3257
3767,3415
3767,3595
3767,3624
3767,3640
3767,3761
3767,3766
3767,3956
3767,4001
3767,7084
3767,7112
3767,7197
3767,7263
3767,7343
3767,7375
3767,8043
3767,8062
3767,8078
3767,9011
3767,10084
3767,10101
3767,10289
3767,10389
3767,10543
3767,10706
3767,10733
3767,10755
3767,10801
3767,10809
3767,10840
3767,10941
3767,11087
3767,11691
3767,12431
3767,13384
3767,13612
3767,13802
3767,14291
3767,14299
3767,14538
3767,14881
3767,15269
3767,15459
3767,15941
3767,16047
3767,18602
3767,18726
3767,18843
3767,19167
3767,19174
3767,19226
3767,19699
3767,19771
3767,20743
3767,20765
3767,21239
3767,21240
3767,21592
3767,22021
3767,22214
3767,22723
3767,24925
3767,25030
3767,27722
3767,27727
3767,27853
3767,27957
3767,28306
3767,28617
3767,29944
3767,30727
3767,33233
3767,35111
3767,35715
3767,36700
3767,36701
3767,37838
3767,37843
3767,37856
3767,38315
3767,38359
3767,38360
3767,38457
3767,38469
3767,38645
3767,39080
3767,39409
3767,39464
3767,39555
3767,39874
3767,39942
3767,40160
3767,40308
3767,40354
3767,40419
3767,40496
3767,40658
3767,40662
3767,40844
3767,41075
3767,41202
3767,41251
3767,41315
3767,41774
3767,41840
3767,42086
3767,42382
3767,42408
3767,42600
3767,42853
3767,43314
3767,43985
3767,44122
3767,44357
3767,44358
3767,44553
3767,44809
3767,45778
3767,45850
3767,45900
3767,46084
3767,46262
3767,47008
3767,47041
3767,47159
3767,47238
3767,47554
3767,47587
3767,48114
3767,49178
3767,49303
3767,49477
3767,51103
3767,51384
3767,51511
3767,51642
3767,51650
3767,52023
3767,52609
3767,52914
3767,52961
3767,52968
3767,53002
3767,53069
3767,53134
3767,53270
3767,53286
3767,53309
3767,53322
3767,53372
3767,53378
3767,53400
3767,53419
3767,53430
3767,53438
3767,53442
3767,53453
3767,53565
3767,53576
3767,53639
3767,53644
3767,53764
3767,53806
3767,67133
3767,75354
3767,96642
3767,96686
3767,99613
3767,118625
3767,120585
3777,8177
3828,3767
3887,27853
3888,559
3888,830
3888,992
3888,1294
3888,1314
3888,1408
3888,1683
3888,1707
3888,1897
3888,1933
3888,2120
3888,5013
3888,5023
3888,5144
3888,5402
3888,7016
3888,7072
3888,7225
3888,7384
3888,8043
3888,8116
3888,18914
3888,18915
3888,18916
3888,21353
3888,21373
3888,21445
3888,22553
3888,44324
3888,47197
3888,50809
3888,318
3888,630
3888,1651
3888,2022
3888,2054
3888,3043
3888,3595
3888,3754
3888,3825
3888,4016
3888,7059
3888,7111
3888,7197
3888,7376
3888,8078
3888,12591
3888,12593
3888,12595
3888,12596
3888,13726
3888,13847
3888,14608
3888,15286
3888,15878
3888,16329
3888,16531
3888,18845
3888,18913
3888,21599
3888,27965
3888,28381
3888,34580
3888,35063
3888,38016
3888,38413
3888,40650
3888,40797
3888,40896
3888,41019
3888,41432
3888,41458
3888,41876
3888,44255
3888,44284
3888,44301
3888,44328
3888,44412
3888,45076
3888,45080
3888,45083
3888,45279
3888,45375
3888,46595
3888,46906
3888,47628
3888,47881
3888,48193
3888,48374
3888,49007
3888,49265
3888,49855
3888,50893
3888,52946
3888,53060
3888,53431
3888,53574
3888,53695
3888,53713
3888,53768
3888,53778
3888,53864
3897,8025
3897,3595
3897,3898
3897,8078
3897,9010
3897,17607
3897,18938
3897,47754
3897,51335
3907,3102
3907,3105
3916,41167
3917,3328
3940,7364
3947,7197
3958,3940
3958,3029
3958,3640
3958,7364
3958,24811
3967,845
3967,1437
3967,1521
3967,1762
3967,5135
3967,19625
3967,22123
3967,22199
3967,26376
3968,1762
3976,7343
3977,1488
3997,6
3997,332
3997,525
3997,542
3997,672
3997,898
3997,1034
3997,1525
3997,3541
3997,7066
3997,8023
3997,8073
3997,8101
3997,8153
3997,10538
3997,12853
3997,15396
3997,15848
3997,17352
3997,17912
3997,18285
3997,19550
3997,24366
3997,27095
3997,40006
3997,40914
3997,41076
3997,44058
3997,44169
3997,44941
3997,51284
3997,3595
3997,7111
3997,8116
3997,10265
3997,13326
3997,16020
3997,19857
3997,30336
3997,38304
3997,41371
3997,42572
3997,44237
3997,44239
3997,47547
3997,48941
3997,49971
3997,50015
3997,51085
3997,51914
3997,52563
3997,52781
3997,52845
3997,97644
4001,504
4001,559
4001,610
4001,1071
4001,1314
4001,1717
4001,1730
4001,3102
4001,3105
4001,8100
4001,11658
4001,17935
4001,23498
4001,25031
4027,3676
4027,1384
4027,7072
4027,7364
4058,3762
4058,3624
4125,3105
4129,10094
4129,1384
4129,7064
4183,1384
4201,11664
5109,3767
5166,3624
7000,1314
7000,10749
7000,13847
7005,147
7005,627
7005,628
7005,630
7005,2112
7005,3047
7005,12951
7005,12964
7005,13360
7005,14112
7005,14115
7005,17370
7005,21137
7005,47425
7005,49459
7005,332
7005,3595
7005,7007
7005,8078
7005,14027
7005,41792
7005,42637
7005,52305
7005,52328
7007,420
7007,462
7007,3888
7007,5235
7007,5382
7007,7103
7007,7135
7007,7193
7007,7205
7007,8126
7007,10203
7007,11247
7007,11465
7007,13694
7007,15388
7007,15394
7007,15420
7007,19380
7007,19482
7007,19806
7007,22543
7007,26612
7007,27041
7007,33480
7007,33957
7007,34891
7007,45422
7010,1730
7023,10619
7026,33
7026,205
7026,352
7026,578
7026,636
7026,735
7026,1306
7026,1314
7026,1488
7026,1617
7026,1662
7026,1953
7026,2007
7026,3102
7026,3107
7026,3206
7026,3209
7026,3279
7026,3283
7026,3333
7026,3954
7026,5003
7026,5010
7026,5016
7026,5045
7026,5071
7026,5118
7026,5121
7026,5169
7026,5224
7026,5226
7026,5243
7026,5246
7026,5247
7026,5261
7026,5284
7026,5285
7026,5288
7026,5371
7026,5389
7026,5422
7026,7142
7026,7156
7026,7161
7026,7187
7026,7228
7026,7279
7026,7337
7026,8072
7026,10230
7026,10478
7026,10489
7026,10504
7026,11411
7026,13332
7026,13408
7026,14632
7026,14633
7026,14650
7026,14651
7026,14685
7026,14838
7026,15765
7026,15767
7026,15981
7026,15984
7026,16011
7026,16233
7026,16764
7026,16804
7026,16863
7026,16878
7026,17256
7026,17767
7026,17777
7026,18296
7026,18297
7026,18439
7026,18958
7026,19285
7026,19286
7026,19294
7026,19297
7026,19437
7026,20419
7026,21226
7026,22160
7026,22164
7026,22428
7026,22431
7026,23112
7026,24424
7026,25163
7026,25732
7026,25874
7026,26273
7026,26464
7026,26470
7026,26472
7026,26477
7026,26480
7026,26493
7026,26494
7026,26497
7026,26666
7026,27290
7026,44303
7026,50223
7026,50261
7026,1759
7026,3624
7026,3718
7026,4001
7026,7197
7026,17635
7026,17738
7026,22150
7026,26405
7026,26461
7026,46100
7026,50210
7026,50216
7026,50221
7026,50228
7026,50229
7026,50230
7026,50231
7026,50238
7026,50240
7026,50255
7026,50259
7026,50273
7026,50275
7026,50276
7026,50277
7026,50279
7026,50281
7026,50283
7026,50284
7026,50286
7026,50287
7026,50290
7026,50291
7026,50292
7026,50296
7026,50379
7026,50384
7026,50388
7026,50390
7026,50399
7026,50406
7026,50408
7026,50409
7026,50411
7026,50414
7026,50417
7026,50418
7026,50419
7026,50420
7026,50421
7026,50423
7026,50424
7026,50425
7026,50426
7026,50427
7026,50430
7026,50431
7026,50432
7026,50433
7026,50434
7026,50435
7026,50437
7026,50439
7026,50440
7026,50441
7026,50443
7026,50447
7026,50448
7026,50450
7026,50452
7026,50454
7026,50456
7026,50457
7026,50458
7026,50459
7026,50460
7026,50461
7026,50525
7026,50526
7026,50527
7026,50533
7026,50534
7026,50537
7026,50540
7026,50541
7026,50544
7026,50545
7026,50554
7026,50559
7026,50561
7026,50562
7026,50564
7026,50566
7026,50567
7026,50571
7026,50575
7026,50576
7026,50577
7026,50578
7026,50583
7026,50586
7026,50593
7026,50697
7026,50705
7030,3624
7033,11800
7036,3640
7042,1558
7045,15148
7045,1759
7045,3029
7045,3257
7045,7197
7045,8089
7045,10585
7045,12431
7045,19699
7045,35111
7053,1488
7053,7197
7055,8099
7059,3941
7059,27769
7059,1384
7059,3484
7059,3595
7059,3640
7059,3767
7059,3888
7059,7111
7059,11666
7059,14228
7059,16856
7059,27957
7059,28113
7059,29845
7059,40774
7059,52161
7059,67000
7064,98
7064,259
7064,1247
7064,1384
7064,1490
7064,1513
7064,1611
7064,1730
7064,1732
7064,1788
7064,1953
7064,2045
7064,3884
7064,3921
7064,4129
7064,5040
7064,5110
7064,5175
7064,7079
7064,7091
7064,7104
7064,7183
7064,8043
7064,8049
7064,15352
7064,15758
7064,15939
7064,19556
7064,21137
7064,23283
7064,27759
7064,40089
7064,3438
7064,3595
7064,7111
7064,7196
7064,7197
7064,10681
7064,19274
7064,22278
7064,28617
7064,34134
7064,37915
7064,49182
7064,50152
7072,559
7072,663
7072,1220
7072,1400
7072,1488
7072,1707
7072,1897
7072,7364
7072,8116
7072,8136
7072,3595
7072,4027
7072,7384
7072,10801
7076,3081
7076,7197
7076,7364
7076,40344
7076,135355
7079,267
7082,1762
7084,217
7084,3767
7084,7076
7097,6
7097,183
7097,344
7097,1615
7097,1768
7097,2015
7097,3201
7097,3280
7097,3481
7097,4156
7097,7042
7097,8005
7097,8076
7097,8107
7097,8121
7097,8153
7097,10495
7097,10509
7097,12941
7097,12943
7097,12965
7097,13728
7097,14602
7097,16805
7097,17236
7097,19833
7097,25649
7097,41349
7097,43377
7097,46640
7097,3925
7097,4001
7097,7311
7097,8119
7097,10258
7097,10296
7097,10755
7097,10840
7097,11800
7097,12066
7097,12947
7097,43292
7097,45667
7097,50082
7097,50520
7097,52655
7097,53401
7097,53440
7097,53749
7097,97049
7104,17
7104,67
7104,305
7104,353
7104,628
7104,630
7104,642
7104,651
7104,703
7104,727
7104,1251
7104,1611
7104,1671
7104,1730
7104,1828
7104,1877
7104,1901
7104,1922
7104,2045
7104,4129
7104,5007
7104,5157
7104,5380
7104,7105
7104,7171
7104,7314
7104,7405
7104,8043
7104,8100
7104,11650
7104,15744
7104,16745
7104,17355
7104,19371
7104,19438
7104,19605
7104,20221
7104,20494
7104,21274
7104,21963
7104,22753
7104,26504
7104,26509
7104,26521
7104,26526
7104,38446
7104,38609
7104,40559
7104,46702
7104,52270
7104,4140
7104,7197
7104,11666
7104,16329
7104,19606
7104,22278
7104,22756
7104,26523
7104,28143
7104,42810
7104,49672
7104,49711
7104,52428
7104,53465
7105,8043
7106,3102
7106,3718
7106,10585
7111,13
7111,217
7111,233
7111,321
7111,413
7111,561
7111,578
7111,636
7111,728
7111,753
7111,844
7111,851
7111,901
7111,944
7111,971
7111,978
7111,1099
7111,1178
7111,1254
7111,1384
7111,1453
7111,1488
7111,1493
7111,1521
7111,1542
7111,1844
7111,1845
7111,1945
7111,2100
7111,3025
7111,3028
7111,3029
7111,3043
7111,3279
7111,3483
7111,3484
7111,3583
7111,3676
7111,3767
7111,3790
7111,3997
7111,5058
7111,5059
7111,7017
7111,7097
7111,7106
7111,7152
7111,7172
7111,7220
7111,7273
7111,7337
7111,7376
7111,8030
7111,8043
7111,10170
7111,10614
7111,10615
7111,10616
7111,10617
7111,10618
7111,10760
7111,11964
7111,12990
7111,13011
7111,14305
7111,15055
7111,15291
7111,15402
7111,16026
7111,16447
7111,16750
7111,18299
7111,19821
7111,19865
7111,19866
7111,19868
7111,20415
7111,20419
7111,20457
7111,22377
7111,22762
7111,23256
7111,26542
7111,26928
7111,26942
7111,26954
7111,26957
7111,26963
7111,26964
7111,33365
7111,37793
7111,43284
7111,44958
7111,45160
7111,48762
7111,49399
7111,52249
7111,33
7111,58
7111,114
7111,394
7111,535
7111,628
7111,630
7111,669
7111,815
7111,856
7111,965
7111,1231
7111,1343
7111,1575
7111,1651
7111,1700
7111,1712
7111,1759
7111,1762
7111,1802
7111,1951
7111,3081
7111,3257
7111,3580
7111,3595
7111,3624
7111,3640
7111,3888
7111,4001
7111,5394
7111,7059
7111,7064
7111,7084
7111,7166
7111,7197
7111,7245
7111,7364
7111,7372
7111,7375
7111,8060
7111,8062
7111,8078
7111,10101
7111,10173
7111,10289
7111,10566
7111,10585
7111,10634
7111,10755
7111,10767
7111,10801
7111,11087
7111,11541
7111,11542
7111,11544
7111,12352
7111,12594
7111,12995
7111,12997
7111,12999
7111,13000
7111,13001
7111,13798
7111,13810
7111,13966
7111,13967
7111,14228
7111,14303
7111,14538
7111,14761
7111,14881
7111,15269
7111,16596
7111,18049
7111,18617
7111,18990
7111,19226
7111,19699
7111,19771
7111,20420
7111,20450
7111,22544
7111,22545
7111,25565
7111,27784
7111,27791
7111,27853
7111,27957
7111,28381
7111,28617
7111,29018
7111,29845
7111,30727
7111,30845
7111,36382
7111,37205
7111,37479
7111,37480
7111,37645
7111,37917
7111,38012
7111,38254
7111,38365
7111,38414
7111,38415
7111,39018
7111,39023
7111,39593
7111,39614
7111,39953
7111,40035
7111,40307
7111,40415
7111,40429
7111,40633
7111,40657
7111,40793
7111,40822
7111,40978
7111,41173
7111,41242
7111,41423
7111,41801
7111,42086
7111,42817
7111,42839
7111,43314
7111,43406
7111,43508
7111,43523
7111,43524
7111,43949
7111,44729
7111,45210
7111,45227
7111,45286
7111,45417
7111,45890
7111,46102
7111,46144
7111,46255
7111,46256
7111,46505
7111,46524
7111,46818
7111,47404
7111,48225
7111,48234
7111,48553
7111,48556
7111,48573
7111,48619
7111,48621
7111,48629
7111,48756
7111,48797
7111,48798
7111,48799
7111,48800
7111,48801
7111,48802
7111,48803
7111,48804
7111,48974
7111,49009
7111,49389
7111,49549
7111,49741
7111,49971
7111,49982
7111,50404
7111,50462
7111,50509
7111,50687
7111,51102
7111,51503
7111,51511
7111,51732
7111,52004
7111,52238
7111,52788
7111,52825
7111,53051
7111,53067
7111,53105
7111,53124
7111,53150
7111,53221
7111,53278
7111,53305
7111,53325
7111,53369
7111,53399
7111,53445
7111,53543
7111,53565
7111,53661
7111,53678
7111,53764
7111,53773
7111,53813
7111,53860
7111,97958
7112,26942
7112,1453
7112,3767
7114,1453
7128,559
7128,1073
7128,1309
7128,1707
7128,3888
7128,7132
7128,11372
7128,15209
7128,16745
7128,20457
7128,1062
7128,1759
7128,2022
7128,3257
7128,3402
7128,3484
7128,3595
7128,3624
7128,4001
7128,7197
7128,7381
7128,8078
7128,8113
7128,10565
7128,10755
7128,14034
7128,14228
7128,15269
7128,16047
7128,19699
7128,20743
7128,25127
7128,27770
7128,27813
7128,27853
7128,28306
7128,30727
7128,35559
7128,43508
7128,44079
7128,45674
7138,628
7138,630
7138,800
7138,1013
7138,1066
7138,1256
7138,1353
7138,1384
7138,1391
7138,1661
7138,2068
7138,2112
7138,3838
7138,3908
7138,4073
7138,8031
7138,8043
7138,8136
7138,13378
7138,22393
7138,37424
7138,45399
7138,47424
7138,52189
7138,95232
7138,576
7138,1953
7138,7364
7138,37425
7138,41674
7138,48506
7138,49731
7157,3580
7159,7343
7164,504
7164,898
7164,3102
7164,3888
7164,8043
7164,11885
7166,7111
7170,3513
7173,7364
7197,1309
7197,1327
7197,1598
7197,1730
7197,3483
7197,3767
7197,7005
7197,7053
7197,7111
7197,8173
7197,12319
7197,13972
7197,19865
7197,19868
7197,22123
7197,22278
7197,25514
7197,26612
7227,3624
7239,3640
7263,468
7263,1593
7263,1595
7263,1632
7263,1649
7263,1767
7263,1965
7263,3723
7263,3833
7263,5065
7263,7092
7263,7160
7263,8108
7263,10451
7263,10686
7263,14071
7263,14073
7263,14085
7263,14091
7263,14092
7263,15003
7263,16111
7263,22137
7263,25709
7263,42863
7263,44294
7263,362
7263,1651
7263,1694
7263,3174
7263,3767
7263,7343
7263,8004
7263,8138
7263,12970
7263,13914
7263,14088
7263,14172
7263,20280
7263,20621
7263,24994
7263,25714
7263,25724
7263,26373
7263,36305
7263,42967
7263,44343
7263,44409
7263,46628
7263,49869
7263,52970
7263,53066
7263,53739
7263,53743
7266,13
7343,97
7343,98
7343,99
7343,534
7343,1309
7343,1762
7343,3189
7343,7026
7343,7092
7343,7159
7343,7227
7343,7263
7343,8052
7343,8146
7343,13667
7343,14328
7343,16000
7343,17656
7343,18877
7343,19485
7343,21375
7343,49945
7364,78
7364,172
7364,225
7364,267
7364,578
7364,902
7364,1384
7364,1531
7364,1571
7364,1617
7364,1651
7364,1703
7364,1730
7364,1762
7364,1835
7364,1856
7364,3030
7364,3266
7364,3374
7364,3762
7364,3940
7364,3958
7364,5027
7364,5100
7364,5124
7364,5125
7364,5128
7364,5129
7364,5134
7364,5136
7364,5343
7364,5401
7364,5402
7364,5411
7364,7076
7364,7082
7364,7121
7364,7266
7364,7288
7364,7323
7364,7326
7364,7363
7364,7384
7364,10548
7364,13108
7364,13368
7364,13387
7364,14043
7364,15744
7364,15849
7364,16581
7364,16583
7364,17357
7364,18553
7364,18881
7364,19852
7364,20415
7364,21345
7364,21619
7364,21697
7364,21698
7364,22043
7364,22865
7364,27078
7364,27081
7364,27085
7364,27092
7364,30503
7364,37916
7364,40408
7364,42652
7364,42684
7364,46190
7364,47517
7364,51579
7364,581
7364,2073
7364,3015
7364,3257
7364,3590
7364,3761
7364,4027
7364,5073
7364,5102
7364,5305
7364,7111
7364,7138
7364,7173
7364,7197
7364,7369
7364,9001
7364,10706
7364,10740
7364,10801
7364,12354
7364,15532
7364,16579
7364,19624
7364,20038
7364,20040
7364,27087
7364,27091
7364,27853
7364,38078
7364,39030
7364,39243
7364,39903
7364,40571
7364,40719
7364,40778
7364,41211
7364,41241
7364,42415
7364,42896
7364,42916
7364,45039
7364,45091
7364,45764
7364,45952
7364,46040
7364,46222
7364,46691
7364,47609
7364,48533
7364,49075
7364,50045
7364,51306
7364,51978
7364,52401
7364,53126
7364,53420
7364,53484
7364,53578
7364,53698
7364,53742
7364,53771
7376,3279
7376,3888
7376,10084
7376,25127
7384,7072
7391,7106
7402,51873
7404,1384
8001,3029
8005,7097
8005,12354
8012,12236
8014,1953
8015,1956
8015,13837
8015,4001
8015,8059
8015,8113
8016,559
8017,1593
8017,16192
8017,20279
8017,22396
8017,25682
8017,25692
8017,25702
8017,37366
8017,37376
8018,1062
8018,8078
8022,8133
8022,217
8022,630
8023,3595
8024,1651
8027,10389
8031,703
8034,7263
8038,7197
8043,98
8043,217
8043,259
8043,272
8043,593
8043,630
8043,727
8043,784
8043,820
8043,829
8043,1079
8043,1096
8043,1505
8043,1611
8043,1615
8043,1617
8043,1646
8043,1722
8043,1732
8043,1879
8043,1986
8043,2012
8043,2045
8043,2073
8043,3404
8043,3513
8043,3714
8043,3941
8043,7079
8043,7097
8043,7104
8043,7105
8043,7214
8043,8049
8043,8100
8043,8109
8043,8118
8043,11750
8043,11942
8043,14043
8043,14312
8043,19670
8043,19832
8043,20628
8043,22278
8043,26529
8043,3257
8043,3624
8043,3640
8043,3767
8043,3840
8043,3850
8043,3888
8043,4139
8043,5055
8043,7111
8043,7164
8043,7197
8043,8062
8043,10084
8043,10289
8043,10740
8043,12097
8043,12988
8043,13847
8043,14228
8043,18899
8043,20743
8043,20848
8043,21384
8043,21590
8043,27708
8043,28143
8043,29944
8043,39847
8043,43703
8043,44214
8043,44216
8043,44230
8043,45820
8043,46746
8043,51672
8043,53354
8043,53602
8043,92251
8046,1953
8049,657
8051,34
8051,559
8051,628
8051,636
8051,982
8051,1316
8051,1488
8051,1490
8051,1541
8051,1730
8051,1762
8051,1771
8051,2073
8051,3102
8051,3279
8051,5105
8051,7364
8051,10170
8051,16463
8051,18300
8051,669
8051,4001
8051,12352
8051,15946
8051,19123
8051,40910
8051,53346
8052,4001
8052,19699
8061,13
8061,3618
8061,5053
8061,8018
8061,14352
8061,14996
8061,17474
8061,17480
8061,25351
8061,26104
8061,37335
8062,3735
8062,5116
8062,8043
8062,10044
8062,20888
8062,20923
8062,21332
8062,21435
8062,22292
8062,44341
8062,45283
8064,279
8064,326
8064,411
8064,428
8064,465
8064,987
8064,1014
8064,1829
8064,1856
8064,2087
8064,10408
8064,19631
8064,21620
8064,22278
8064,5054
8064,10289
8064,27770
8064,37852
8064,40768
8064,43893
8064,50928
8064,51934
8064,53553
8072,13893
8074,8076
8074,12238
8074,12236
8075,15396
8075,26369
8075,12236
8076,8074
8078,145
8078,255
8078,333
8078,476
8078,504
8078,628
8078,630
8078,1360
8078,1593
8078,1707
8078,1730
8078,1955
8078,2022
8078,3676
8078,5021
8078,5390
8078,7030
8078,7128
8078,8043
8078,8066
8078,11561
8078,11811
8078,16548
8078,22278
8078,26915
8078,27346
8078,27352
8078,45422
8079,1730
8079,2022
8079,10310
8080,26369
8081,22020
8082,14444
8084,14833
8084,17395
8085,1767
8085,24276
8085,1759
8085,3257
8085,27773
8089,640
8089,644
8089,845
8089,956
8089,1078
8089,1593
8089,1847
8089,3264
8089,3287
8089,3414
8089,3556
8089,3859
8089,5170
8089,5231
8089,5368
8089,7018
8089,7069
8089,8016
8089,8107
8089,13101
8089,15137
8089,15140
8089,15144
8089,15145
8089,15151
8089,20413
8089,26334
8089,26337
8089,26942
8089,30400
8089,33290
8089,39458
8089,39531
8089,40648
8089,48641
8089,48945
8089,217
8089,1759
8089,7045
8089,7252
8089,15146
8089,15147
8089,18049
8089,21283
8089,22245
8089,34797
8089,48600
8089,49264
8090,7197
8090,13378
8092,7197
8096,10173
8098,122
8098,1435
8098,1762
8098,3343
8098,3968
8098,5047
8098,5079
8098,5080
8098,5113
8098,5149
8098,5298
8098,5381
8098,7061
8098,7136
8098,8116
8098,8118
8098,11962
8098,15289
8098,18165
8098,18182
8098,36079
8098,1882
8098,3640
8098,4042
8098,5112
8098,7048
8098,7051
8098,7319
8098,7334
8098,13402
8098,15290
8098,18278
8098,21108
8098,25754
8098,26683
8098,26693
8098,33233
8098,40020
8098,41216
8098,43870
8098,46257
8098,47360
8098,47362
8098,48675
8098,49021
8098,49050
8098,49062
8098,51096
8098,51277
8098,53226
8100,1759
8100,3640
8100,4001
8100,10706
8100,13810
8107,3402
8113,3676
8113,11811
8113,15204
8115,146
8115,17006
8115,7197
8115,16237
8116,55
8116,93
8116,217
8116,911
8116,971
8116,1086
8116,1464
8116,1541
8116,1555
8116,1571
8116,1593
8116,1645
8116,1722
8116,1730
8116,1829
8116,1880
8116,1885
8116,1919
8116,1953
8116,1994
8116,2000
8116,2073
8116,2112
8116,3369
8116,3428
8116,3439
8116,3458
8116,3580
8116,3709
8116,3998
8116,4183
8116,5096
8116,5098
8116,5330
8116,5413
8116,7010
8116,7049
8116,7062
8116,7167
8116,8043
8116,8085
8116,8089
8116,8111
8116,8112
8116,8145
8116,9004
8116,10502
8116,11613
8116,12941
8116,12988
8116,13056
8116,13360
8116,15140
8116,17772
8116,18246
8116,18574
8116,18910
8116,19804
8116,22043
8116,24264
8116,24378
8116,25092
8116,26367
8116,26373
8116,26376
8116,26381
8116,26385
8116,26390
8116,30660
8116,45885
8116,46677
8116,46980
8116,275
8116,1635
8116,1651
8116,3640
8116,3649
8116,3997
8116,7052
8116,7197
8116,7243
8116,11087
8116,11625
8116,16846
8116,24400
8116,26392
8116,34232
8116,39173
8116,40485
8116,40772
8116,42821
8116,42912
8116,46492
8116,47203
8116,47962
8116,49429
8116,53224
8116,53381
8116,53421
8116,53505
8116,57844
8118,1762
8118,3513
8118,28143
8119,459
8119,1232
8119,8135
8119,10167
8119,10514
8119,10623
8119,13742
8119,14921
8119,21382
8119,42462
8119,7097
8119,7197
8119,10097
8119,10585
8119,28306
8119,48698
8119,50729
8119,53391
8119,55870
8125,14881
8126,669
8126,10801
8127,13378
8128,1648
8128,1651
8128,8116
8128,10215
8129,14228
8131,1400
8131,1649
8134,3624
8136,217
8136,1707
8136,10801
8143,3240
8143,3565
8143,8018
8143,22654
8145,1384
8145,3029
8153,630
8153,7197
8153,10084
8154,630
8154,3257
8154,3595
8165,4001
8165,10258
8173,14246
8173,3595
8173,7197
8177,12236
9001,7364
9002,8023
9002,13565
9002,17635
9003,13847
9003,15443
9003,20765
9004,395
9004,1384
9004,3595
9004,3624
9004,10296
9004,10565
9004,21180
9005,3624
9006,8127
9006,7197
10016,7005
10040,10018
10084,504
10084,969
10084,19545
10084,43033
10097,10170
10099,10173
10116,11664
10170,3580
10170,1384
10170,7111
10173,375
10173,3649
10173,3975
10173,5425
10173,7279
10173,7282
10173,10172
10173,10176
10173,11964
10173,15598
10173,16667
10173,19075
10173,19498
10173,23850
10173,24227
10173,26438
10173,26455
10173,26541
10173,38712
10173,39968
10173,47889
10173,50165
10173,52136
10173,52303
10173,4001
10173,7111
10173,7197
10173,8096
10173,10099
10173,17190
10173,17201
10173,22799
10173,26373
10173,26459
10173,38616
10173,39335
10173,40763
10173,44441
10173,44572
10173,45371
10173,45373
10173,46810
10173,47344
10173,49489
10173,52842
10173,53532
10173,53533
10173,53550
10173,53576
10173,53807
10212,332
10221,8043
10226,3767
10229,669
10229,3624
10258,504
10258,559
10258,3102
10258,3105
10258,11616
10258,11885
10258,16463
10258,25033
10289,504
10289,559
10289,1598
10289,1730
10289,3117
10289,3767
10289,7033
10289,7045
10289,8043
10289,8064
10289,10231
10289,11372
10289,16049
10296,375
10296,504
10296,3105
10296,8043
10389,1593
10389,3676
10451,3767
10451,4145
10451,5229
10451,5289
10451,7331
10451,13607
10451,14085
10451,14653
10451,14656
10451,14658
10451,14659
10451,14660
10451,14661
10451,14664
10451,14731
10451,14953
10451,15987
10451,17778
10451,20839
10451,21477
10451,23629
10451,24489
10451,26060
10451,26755
10451,8174
10451,14671
10451,18876
10451,19865
10451,21476
10451,24494
10451,40480
10451,47907
10451,50403
10451,50508
10451,50622
10451,50756
10451,50757
10451,50761
10451,50762
10451,50763
10451,50766
10451,50768
10451,50777
10451,50783
10451,50784
10451,50785
10451,50788
10451,50792
10451,50888
10451,50889
10451,51057
10451,51058
10451,51059
10451,52084
10451,53310
10451,55084
10452,10451
10499,3624
10543,19865
10565,504
10565,1220
10565,1788
10565,3364
10565,3580
10565,7263
10565,10186
10565,13192
10565,19865
10566,1384
10566,1953
10566,3676
10566,7111
10566,12319
10566,13225
10566,27264
10578,417
10585,1558
10585,19670
10598,375
10598,628
10598,630
10598,898
10598,1384
10598,1488
10598,1493
10598,1593
10598,1730
10598,1953
10598,3404
10598,3767
10598,7128
10598,8043
10598,12319
10598,21993
10598,26981
10615,3595
10616,3595
10616,7111
10616,27644
10617,3257
10617,3595
10617,7111
10617,14228
10617,19699
10617,28381
10617,53672
10619,13809
10619,41377
10619,55870
10623,12965
10703,2022
10703,8099
10703,12331
10703,12332
10706,3676
10706,3897
10706,8100
10726,3897
10740,829
10740,3897
10749,504
10749,1488
10749,2022
10749,3105
10749,3888
10749,8153
10749,10609
10749,11664
10749,25033
10749,40526
10759,3897
10759,3906
10762,13460
10767,504
10767,1411
10788,16407
10801,1762
10801,7364
10815,504
10815,3404
10877,14444
10878,3676
10878,7053
10878,41037
10882,504
10882,1651
10892,504
10892,20415
11066,3595
11134,504
11134,3102
11134,3105
11134,11885
11134,17159
11316,559
11316,560
11316,1661
11316,3851
11316,3856
11316,3865
11316,5119
11316,11464
11316,12109
11316,12110
11328,1653
11328,12932
11328,23628
11328,36345
11372,3257
11372,3640
11372,80517
11391,7225
11415,3595
11423,15296
11465,7007
11624,11625
11625,102
11625,119
11625,255
11625,483
11625,545
11625,745
11625,780
11625,3758
11625,5248
11625,7225
11625,7362
11625,8043
11625,10452
11625,11624
11625,11708
11625,16184
11625,16687
11625,16689
11625,21372
11625,21549
11625,21904
11625,26915
11655,3075
11658,352
11658,1327
11658,1653
11658,1661
11658,11661
11658,3257
11658,4001
11658,4125
11658,7252
11658,10755
11658,13810
11658,57600
11661,20221
11661,3257
11663,628
11663,1327
11663,3102
11663,3105
11663,11658
11663,1759
11663,7252
11663,13810
11663,15769
11664,11885
11664,13
11664,3257
11664,3402
11664,7164
11755,12354
11811,264
11811,14973
11827,1955
11885,7128
11885,11868
11885,1521
11885,3102
11885,10289
11885,19699
11885,56849
11904,2022
11959,504
11959,3105
12019,1651
12124,12127
12157,272
12157,333
12157,740
12157,781
12157,853
12157,982
12157,1236
12157,1309
12157,1400
12157,1649
12157,1707
12157,1762
12157,1865
12157,1895
12157,3256
12157,3568
12157,3887
12157,7364
12157,7404
12157,8066
12157,8098
12157,8131
12157,11080
12157,11556
12157,12278
12157,51816
12157,7197
12157,13175
12157,13264
12157,13531
12157,38043
12157,38074
12157,41897
12157,45403
12157,45863
12157,49858
12157,51504
12157,51733
12157,53152
12158,1379
12158,5205
12158,7097
12158,13123
12158,45653
12158,51753
12215,1384
12236,13045
12236,39043
12236,46538
12238,8074
12295,3513
12319,1531
12319,1732
12319,3161
12319,3505
12319,3752
12319,3760
12319,8022
12319,8118
12319,8127
12319,10094
12319,12291
12319,12323
12319,13223
12319,13225
12319,16805
12319,27057
12319,27059
12319,38345
12319,38702
12319,44608
12319,52715
12319,648
12319,1565
12319,3595
12319,3624
12319,7197
12319,10598
12319,13224
12319,14881
12319,15487
12319,16485
12319,33202
12319,40491
12319,45429
12319,45961
12319,46406
12319,47880
12319,48599
12319,53197
12331,4118
12331,5206
12331,24832
12331,24903
12331,26353
12331,26357
12331,36363
12331,36373
12331,42682
12331,12351
12331,24907
12331,28381
12331,30727
12331,36358
12331,38365
12331,39558
12331,39561
12331,39991
12331,40003
12331,41686
12331,47557
12331,48707
12331,52898
12332,9004
12332,12331
12332,27053
12332,10703
12332,11541
12332,41561
12332,76745
12354,13
12354,562
12354,971
12354,1220
12354,1400
12354,1488
12354,1555
12354,1558
12354,1596
12354,1649
12354,1953
12354,2072
12354,3043
12354,3081
12354,3484
12354,5070
12354,5137
12354,5155
12354,7070
12354,7111
12354,7273
12354,7308
12354,7364
12354,8066
12354,8119
12354,11540
12354,12025
12354,16026
12354,21229
12354,21607
12354,21795
12354,21796
12354,29869
12354,527
12354,1087
12354,1486
12354,1505
12354,1759
12354,3186
12354,3767
12354,4001
12354,7087
12354,7197
12354,8005
12354,8128
12354,10101
12354,11541
12354,11625
12354,11755
12354,14228
12354,18063
12354,22403
12354,24925
12354,24973
12354,24974
12354,26645
12354,30727
12354,39737
12354,40844
12354,40974
12354,41461
12354,41543
12354,42461
12354,44918
12354,45402
12354,49549
12354,49550
12354,52290
12354,52955
12354,52963
12354,53330
12354,53685
12431,14352
12595,3888
12763,7078
12784,3888
12941,12236
12944,40721
12964,27769
12969,3767
12969,3595
12970,7263
12988,698
12988,845
12988,1452
12988,3675
12988,5048
12988,5085
12988,5212
12988,8043
12988,10514
12988,12989
12988,25654
12988,25660
12988,25662
12988,25665
12988,26913
12988,45173
12988,47993
12988,375
12988,14711
12988,25459
12988,25663
12988,39688
12988,44400
12988,48345
12988,49138
12988,49238
12988,49944
12988,50282
12988,53564
12988,53671
12988,53839
12989,504
12995,344
12995,628
12995,1781
12995,8043
12995,10173
12995,7111
12997,7111
13056,8116
13108,16703
13108,7364
13192,8046
13192,10565
13225,7197
13239,27759
13240,15296
13378,299
13378,487
13378,678
13378,1781
13378,1844
13378,1895
13378,3580
13378,3627
13378,3748
13378,3838
13378,5049
13378,5050
13378,5181
13378,5230
13378,5276
13378,7238
13378,8090
13378,13377
13378,15014
13378,15744
13378,17403
13378,17417
13378,20300
13378,21795
13378,21840
13378,22250
13378,26285
13378,26291
13378,26298
13378,26302
13378,26307
13378,26950
13378,39439
13378,3356
13378,3881
13378,8127
13378,11302
13378,13375
13378,13376
13378,16024
13378,16250
13378,16467
13378,26308
13378,34797
13378,41312
13378,47005
13378,47676
13378,48297
13378,48298
13378,50633
13378,50638
13378,51394
13393,3404
13460,1
13460,122
13460,461
13460,781
13460,935
13460,971
13460,1314
13460,1542
13460,1649
13460,3256
13460,7106
13460,7248
13460,8084
13460,8085
13460,8089
13460,8131
13460,11372
13460,12964
13460,21858
13460,43656
13460,48614
13460,315
13460,1142
13460,2119
13460,10762
13460,13251
13460,21685
13460,40660
13460,47585
13460,48692
13460,50984
13482,3897
13524,3244
13548,3029
13565,13
13565,1493
13565,1521
13565,3023
13565,3767
13565,5220
13565,8089
13565,13554
13565,13556
13565,13559
13565,19146
13565,22278
13565,22342
13565,22390
13565,22743
13565,22745
13565,26234
13565,9002
13565,26229
13565,36742
13565,36757
13565,41874
13565,44852
13565,46768
13565,49080
13565,53628
13592,2090
13648,3624
13648,7197
13784,2033
13809,10619
13810,504
13810,8100
13847,8043
14027,12964
14034,1360
14034,5281
14034,7079
14034,17218
14034,45517
14044,3676
14071,7263
14071,16412
14092,7197
14105,3624
14121,10289
14220,3279
14220,42064
14221,1417
14221,23076
14228,1384
14228,1488
14228,3484
14228,3767
14228,13105
14228,14194
14228,19865
14250,3484
14299,869
14299,3279
14299,7026
14299,8072
14305,3081
14305,3213
14305,7111
14310,17237
14355,39423
14375,7360
14406,42551
14444,8085
14444,7197
14584,7005
14667,13378
14697,1453
14881,3676
14973,504
14973,559
14973,3102
14973,3105
14973,11616
14973,25033
14996,301
14996,559
14996,634
14996,982
14996,1327
14996,5397
14996,7333
14996,8051
14996,13361
14996,17321
14996,41446
14996,1887
14996,38629
14996,38824
14996,38853
14996,43007
14996,44766
14996,45919
14996,45927
14996,47538
15061,1324
15106,7364
15152,465
15259,3897
15269,3672
15269,3676
15286,8030
15291,7111
15296,98
15296,1384
15296,1587
15296,1762
15296,3256
15296,5117
15296,11423
15296,11556
15296,42278
15296,859
15296,15300
15296,38509
15296,39013
15296,40223
15296,40226
15296,40228
15296,41772
15296,45960
15296,48404
15296,53171
15296,99174
15301,21619
15311,15296
15396,8075
15443,30304
15449,15448
15459,3672
15490,15469
15490,15501
15501,1353
15635,8132
15744,1488
15903,10566
15939,27957
15939,34530
15941,3767
15946,8051
16026,7111
16026,7197
16049,2022
16049,3595
16049,7164
16049,10258
16049,10289
16049,10337
16049,14973
16049,28381
16054,3767
16169,504
16169,3102
16169,3105
16195,1598
16237,8115
16485,12319
16548,27770
16567,3484
16573,11316
16579,7364
16663,504
16671,1787
16689,16692
16692,14081
16701,1707
16701,15459
16750,7111
16878,3102
16879,3328
16883,3328
16888,119
16904,853
17158,4001
17158,7164
17177,1488
17229,17230
17363,11885
17382,2054
17479,559
17479,17472
17479,17473
17479,17480
17479,17484
17480,3793
17480,10749
17480,10932
17480,17479
17480,37923
17480,38400
17514,433
17514,1488
17514,40010
17514,40019
17517,7197
17635,8127
17635,9003
17635,9004
17935,1216
17935,1717
17935,1901
17935,19670
17935,33290
17935,630
17935,22278
17935,40947
17935,42166
17935,46934
17935,50642
18268,1384
18281,395
18341,554
18341,577
18341,3444
18341,3541
18341,8075
18341,8087
18341,8095
18341,8101
18341,8149
18341,10538
18341,17227
18341,18334
18341,18336
18341,18338
18341,21632
18341,40914
18341,42451
18341,44258
18341,387
18341,630
18341,3447
18341,3956
18341,5299
18341,18332
18341,18333
18341,18335
18341,18337
18341,18339
18341,18340
18341,22235
18341,39979
18341,40862
18341,41009
18341,44293
18341,44822
18341,45116
18341,49023
18341,49131
18341,51085
18341,52477
18341,96316
18341,97079
18342,18341
18342,40629
18449,332
18667,33468
18726,11080
18726,18299
18843,3888
18938,3897
18938,8043
19075,3257
19076,1598
19076,3640
19076,4001
19123,19
19123,375
19123,12319
19168,1493
19168,1676
19168,3767
19168,34891
19168,41111
19168,44601
19168,291
19168,3771
19168,4001
19168,19226
19168,27066
19168,28306
19168,40113
19168,40114
19168,40790
19168,41406
19168,44292
19174,18089
19329,333
19329,591
19329,1767
19329,3448
19329,5323
19329,11658
19329,13565
19329,18739
19329,20273
19329,46532
19329,150
19329,527
19329,3033
19329,19326
19329,19327
19329,27727
19329,36404
19329,40926
19329,43702
19329,51923
19329,52296
19351,40419
19405,3897
19561,44442
19568,898
19635,40541
19670,8043
19670,15939
19670,10585
19670,29876
19673,19674
19691,1759
19699,3676
19699,35080
19713,54232
19713,54559
19713,54560
19713,54562
19713,54566
19801,3513
19813,19792
19840,753
19840,1188
19840,5427
19840,7072
19840,7364
19840,12988
19840,15744
19840,19829
19840,19842
19840,21591
19840,25322
19840,25326
19840,48639
19840,51622
19840,620
19840,19843
19840,19844
19840,21707
19840,39009
19840,39051
19840,41002
19840,41390
19840,41715
19840,42060
19840,44824
19840,45825
19840,45827
19840,47425
19840,47454
19840,47831
19840,48567
19840,48640
19840,48721
19840,48821
19840,49034
19840,49064
19840,49074
19840,49087
19840,53155
19840,53168
19840,53190
19840,53747
19840,99878
19844,19840
19865,1237
19865,1759
19865,3595
19865,3624
19865,3767
19865,7007
19865,7111
19865,7197
19865,10084
19865,10389
19865,10451
19865,10543
19865,10565
19865,20743
19865,27957
19865,28306
19865,28617
19868,7197
19880,3623
19880,19870
20221,1488
20415,1493
20415,3640
20419,1488
20419,20415
20419,3029
20419,10578
20457,3029
20457,7111
20636,8040
20649,30727
20743,8043
20765,504
20765,1384
20765,12319
20866,3029
20984,1759
20987,100309
20987,100590
20987,102198
20987,105253
20987,105764
20987,106176
20987,106847
20987,106899
20987,108536
20987,108686
20987,109056
20987,109222
20987,111766
20987,112398
21097,3767
21178,7197
21241,3640
21382,48221
21382,3029
21560,559
21581,3257
21619,7364
21629,1500
21803,3043
21912,7111
22002,1391
22002,11811
22043,7364
22123,7197
22256,703
22278,13
22278,1384
22278,3029
22278,3484
22278,3624
22278,7064
22278,7104
22278,7197
22278,8078
22278,10740
22278,13565
22278,17935
22278,28617
22723,1488
22723,3767
22724,3081
22799,3767
23498,29055
23584,14996
24113,27853
24276,1762
24295,37736
24366,24365
24366,3997
24379,3257
24379,3583
24379,13847
24398,1488
24400,8116
24400,34789
24489,10578
24731,3888
24813,1759
24832,3595
24918,272
24918,831
24918,1200
24918,1309
24918,2100
24918,8027
24918,8052
24918,10214
24918,22020
24918,26412
24918,51326
24918,404
24918,1179
24918,1651
24918,8057
24918,8081
24918,8143
24918,19661
24918,20788
24918,38332
24918,39850
24918,40566
24918,41137
24918,41168
24918,47945
24918,48301
24918,48359
24918,49564
24918,52945
24918,53128
24942,19496
24980,13
24982,7197
24982,10566
25030,3767
25031,4001
25031,40330
25127,628
25127,630
25127,898
25127,1488
25127,1730
25127,1901
25127,3102
25127,7128
25127,8043
25127,8076
25127,8153
25459,12988
25459,29869
25514,3075
25514,3257
25514,7197
25514,22002
25531,3029
26151,3105
26151,11658
26369,8075
26369,8080
26373,7263
26373,10173
26415,8043
26511,1488
26610,7197
26611,7197
26612,7197
26614,1759
26882,1237
26882,7197
26882,10565
26913,22002
26915,4001
26915,15501
26915,18049
26957,26957
26981,10598
27049,3102
27095,3997
27397,27391
27397,27392
27606,2022
27708,8043
27710,14659
27727,1762
27727,3081
27727,3102
27727,3767
27727,19329
27759,875
27759,877
27759,1717
27759,46267
27759,46601
27759,46832
27761,628
27761,630
27761,1384
27761,1449
27761,34789
27761,461
27761,3594
27761,3624
27761,3640
27761,40371
27761,41710
27761,47394
27761,53071
27761,53213
27761,53389
27761,53502
27769,46190
27769,715
27769,3967
27769,46120
27769,48811
27769,50027
27770,2022
27770,7128
27770,8064
27770,11811
27773,3767
27773,3888
27791,3767
27836,46190
27957,1353
27957,3767
27957,7364
27965,1493
28113,3897
28143,8043
28192,11316
28216,3897
28306,1488
28306,3767
28381,7111
28617,332
28617,3676
28617,8043
29602,118
29602,119
29602,122
29602,3099
29602,3102
29602,3105
29602,3107
29602,5008
29602,15352
29602,26915
29653,3676
29869,1437
29869,1759
29869,2022
29869,3640
29869,13945
29869,14711
29869,25459
29869,26447
29944,7128
29944,11664
30025,3897
30206,742
30374,3908
30621,504
30727,272
30727,780
30727,3767
30727,16049
33232,28306
33232,53045
33284,27727
33290,3583
33290,11625
33340,3640
33365,7111
33480,13
33480,10578
33902,11107
33902,18188
33902,48299
34531,3513
34789,217
34789,628
34789,630
34789,1314
34789,1617
34789,1717
34789,1845
34789,1881
34789,2020
34789,8022
34789,8136
34789,13368
34789,19289
34789,42825
34789,10084
34789,14027
34789,16696
34789,24400
34789,30727
34789,38887
34789,42737
34789,47394
34789,48096
34789,52506
34789,53157
34789,53218
34789,53645
34789,53812
34797,8089
34797,13378
34891,3081
34891,3624
34891,20420
34891,79341
34892,21905
35080,19699
35105,3888
35302,20415
36506,19865
37736,24295
37799,3257
38008,38212
38165,1327
38199,29869
38304,3997
38409,27592
38468,10760
38551,310
38551,569
38551,630
38551,942
38551,1037
38551,1232
38551,1646
38551,1717
38551,1730
38551,1847
38551,1901
38551,3207
38551,8043
38551,8116
38551,15939
38551,19670
38551,21382
38551,27565
38551,46702
38746,465
38746,685
38746,1368
38746,1617
38746,1953
38746,8051
38746,8100
38827,1615
39138,95
39243,7364
39297,1717
39356,1174
39397,8118
39501,41312
39519,3676
39519,12319
39740,28800
39763,3081
39877,669
40009,1488
40010,39998
40055,24832
40347,1877
40394,1845
41010,41003
41014,19865
41111,19168
41150,7197
41150,10566
41167,3916
41167,17635
41591,7005
41679,21432
41939,3513
42037,8064
42058,780
42058,20649
42148,1309
42148,8098
42188,42180
42362,3767
42415,7364
42454,1651
42455,1062
42787,15296
43061,10173
43284,7111
43358,1488
43732,3105
43953,1762
44423,3767
44534,1493
44551,3438
44599,43290
44977,683
45093,12236
45475,3968
45523,3767
45523,3043
45523,3624
45667,7097
45719,45718
45753,1384
45964,1965
46084,3767
46132,1521
46556,1046
46556,8014
46556,8119
46778,13
47404,7111
47425,19840
47561,3624
47561,10566
47676,1651
47676,13378
47906,7364
48221,21382
48522,7197
48522,25776
48614,27957
48698,8119
48725,3897
49046,504
49056,7149
50192,7197
51123,1384
51528,46765
51914,3997
52655,7097
53002,3767
53401,7097
53401,12775
53541,1882
53859,3767
56554,1882
56554,1986
56628,20457
65942,3897
66759,3897
67052,3513
67927,3897
77303,3897
87593,272
87593,1649
87593,18089
90468,11885
96476,2022
117594,7059
