ID,Names
0,未详
3,安焘
5,查钥
11,晁公武
12,晁公迈
13,晁补之
24,陈正同
29,陈桷
31,陈戬
58,陈汝锡
62,陈康伯
72,陈弥作
79,陈师锡
82,陈q
97,陈尧叟
98,陈尧佐
99,陈尧咨
101,陈兖
102,陈彦恭
117,程克俊
119,程迈
124,程唐
128,程r
145,钱勰
146,钱易
150,钱端礼
157,秦希甫
160,秦梓
165,权邦彦
167,詹太和
169,詹度
174,张阐
184,张{
191,张震
199,张植
201,张致远
211,张浚
217,张方平
220,张汉彦
238,张汇
252,张纲
255,张根
264,张
272,张商英
291,张舜民
293,张肃
310,张洞
311,张次山
325,张宇
329,张运
332,张咏
333,章
336,章服
339,章谊
362,赵亿
363,赵开
364,赵公称
370,赵令
372,赵滂
373,赵霈
375,赵\
394,赵挺之
395,赵鼎臣
400,赵子
403,赵D
404,赵y
405,折彦质
410,郑绩
412,郑知刚
417,郑骧
420,李诫
427,郑望之
433,郏
449,贾黯
461,蒋之奇
462,蒋彝
465,蒋堂
466,蒋璨
469,金安节
474,井度
476,周池
483,周之道
491,周葵
502,周操
504,周敦颐
509,周聿
518,朱宗
527,朱勃
534,朱彦美
538,祝师龙
545,庄徽
550,钟世明
555,樊汝霖
556,樊光远
559,范纯仁
562,范冲
563,范r
565,范正国
574,范埙
575,范如圭
595,方宙
603,方滋
606,冯拯
607,冯京
610,冯如晦
611,冯康国
612,周利见
620,符行中
624,傅崧卿
627,傅尧俞
628,富弼
630,韩琦
632,韩球
648,韩璜
667,韩彦直
669,韩元吉
679,何逢原
681,何佾
688,贺允中
699,夏之文
701,夏珙
703,夏竦
714,向子
715,向子N
716,萧振
723,萧定基
726,谢
735,鲜于
738,辛次膺
741,熊彦诗
743,徐琛
745,徐处仁
753,徐禧
757,徐仁杰
763,徐林
764,徐]
773,徐子寅
780,许几
785,许忻
800,薛向
805,薛良朋
806,薛弼
815,胡直孺
840,黄震
843,黄中
851,黄廉
853,黄裳
856,黄叔敖
859,黄祖舜
863,黄子游
869,洪中孚
870,洪适
885,任文荐
891,康执权
896,康与之
898,寇准
901,孔平仲
908,高象先
941,龚原
944,郭知章
975,李朝正
982,李清臣
983,李椿年
999,李
1004,李z
1005,李擢
1038,李宏
1051,李庚
1055,李公懋
1062,李弥逊
1063,李弥大
1065,李谟
1071,李参
1092,李大临
1094,李焘
1097,李定
1119,李迎
1134,梁汝嘉
1144,廖刚
1149,林安宅
1152,林冲之
1154,林积仁
1156,林之奇
1159,林仲堪
1160,林孝泽
1161,林勋
1165,林保
1167,林师说
1168,林叔豹
1170,林大声
1178,刘拯
1183,刘章
1195,刘奉世
1220,刘
1226,刘式
1230,刘述
1232,刘随
1237,刘才邵
1238,刘岑
1243,刘度
1252,刘彦适
1260,柳约
1265,楼q
1278,鲁詹
1284,陆
1286,陆升之
1293,吕稽中
1296,吕祉
1299,吕擢
1304,吕希纯
1309,吕惠卿
1310,吕颐浩
1313,吕广问
1314,吕公着
1322,吕忱中
1327,吕大防
1332,吕源(吕升卿子)
1333,吕用中
1349,马亮
1360,梅执礼
1364,孟嵩
1366,米友仁
1373,万俟l
1379,聂昌
1384,欧阳修
1388,潘良贵
1391,庞籍
1399,彭合
1400,彭汝砺
1411,包拯
1414,鲍由
1417,毕仲游
1418,毕良史
1439,邵大受
1449,沈遘
1450,沈括
1457,沈枢
1460,沈与求
1478,史正志
1488,司马光
1491,苏迟
1493,苏辙
1496,苏籀
1499,苏符
1504,苏师德
1507,苏策
1519,孙近
1521,孙觉
1542,孙升
1546,孙大雅
1558,宋祁
1562,宋
1567,宋贶
1568,宋辉
1571,宋敏求
1575,宋绶
1583,宋?
1590,汤鹏举
1591,汤东野
1593,唐介
1595,唐询
1596,唐义问
1598,唐庚
1602,唐尧封
1629,邓祚
1635,刁约
1641,丁谓
1647,蔡确
1648,蔡肇
1649,蔡京
1651,蔡襄
1653,蔡抗
1661,蔡挺
1668,曹耜
1673,曹泳
1692,曾几
1701,曾怀
1707,曾布
1709,曾V
1712,曾纡
1714,邹樗
1717,祖无择
1719,都洁
1726,杜莘老
1730,杜衍
1739,董
1755,汪恺
1758,汪思温
1759,汪应辰
1760,王安礼
1762,王安石
1767,王钦臣
1786,王之道
1787,王之望
1788,王靖
1792,王
1796,王珏
1799,王仲闳
1804,王扶
1806,王复
1807,凌景夏
1837,王冈
1845,王
1846,王
1847,王拱辰
1852,王纶
1857,王普
1863,王赏
1872,王师心
1875,王时雍
1878,王庶
1883,王
1884,王a
1898,王琮
1905,王端朝
1907,王次张
1908,王次翁
1924,王
1925,王炎
1932,王俣
1935,王
1936,王瀹
1940,魏安行
1941,魏杞
1953,文彦博
1955,翁挺
1959,吴潜
1960,吴充
1970,吴芾
1978,吴懋
1979,吴
1992,吴说
1993,吴雍
1996,杨椿
2021,杨邦弼
2022,杨时
2036,杨愿
2043,姚舜明
2047,叶份
2049,叶义问
2054,叶梦得
2058,叶J
2073,晏殊
2074,晏敦复
2091,虞祺
2096,余应求
2098,喻汝砺
2101,宇文时中
2112,元绛
2113,元书
2116,郑思恭
2125,宋藻
3008,常
3027,晁子与
3029,晁说之
3033,钱象祖
3037,钱m
3038,钱佃
3039,钱
3043,秦观
3050,陈长方
3059,陈景思
3066,陈岘
3071,陈贵谦
3073,陈贵谊
3075,陈亮
3081,陈师道
3083,陈省华
3088,陈宗召
3092,陈自强
3094,陈渊
3102,程颢
3105,程颐
3109,程大昌
3110,程敦书
3117,詹良臣
3128,张津
3132,张忠恕
3133,张仲梓
3134,张俊
3136,张
3144,张孝祥
3162,张郯
3168,张端礼
3170,张子盖
3172,张子颜
3183,章着
3189,章f
3200,赵汝愚
3213,赵子崧
3225,江寓
3227,姜浩
3232,蒋继周
3240,周之美
3245,周虎
3248,周诜
3251,周元卿
3257,朱熹
3258,朱翌
3263,朱塾
3279,范镇
3281,范溶
3294,方逢辰
3295,方逢吉
3302,方导
3309,傅自得
3322,韩境
3331,韩彦古
3337,何镐
3338,何恢
3352,向仲堪
3355,向
3357,向沈
3359,向子韶
3364,萧服
3372,邢世材
3378,徐兢
3381,徐师闵
3382,徐度
3394,胡安国
3395,胡交修
3396,胡坚常
3402,胡寅
3404,胡瑗
3411,黄中美
3416,黄任荣
3417,黄荦
3438,孔武仲
3439,孔文仲
3442,高继勋
3449,高仕戬
3451,高子溶
3462,葛立方
3463,葛
3476,李纯德
3482,李结
3483,李建中
3484,李之仪
3502,李孝先
3517,李吕
3520,李弥正
3521,李孟坚
3522,李孟传
3525,李韶
3533,李大性
3534,李大异
3535,李大有
3537,李遵勖
3539,李宗质
3542,李曾伯
3545,李华
3551,李煜
3552,李郁
3565,梁彦深
3569,林
3580,刘敞
3581,刘长福
3583,刘
3587,刘峤
3591,刘震孙
3593,刘荀
3594,刘一止
3595,刘克庄
3596,刘克逊
3597,刘拱
3615,楼璩
3618,楼异
3623,楼郁
3624,楼钥
3628,鲁
3630,陆静之
3631,陆九皋
3632,陆九渊
3633,陆??
3634,陆轸
3635,陆
3637,陆p
3639,陆棠
3640,陆游
3641,陆沅
3646,吕靖
3652,吕大器
3653,吕大同
3655,吕祖俭
3672,毛滂
3673,毛
3674,毛友
3676,米芾
3678,莫济
3686,欧阳懋
3690,潘景宪
3691,潘好谦
3692,潘好古
3697,潘友恭
3699,庞谦孺
3707,彭汝方
3718,邵雍
3720,师民瞻
3724,石昼问
3725,史弥坚
3727,史弥远
3728,史嵩之
3735,沈立基
3737,沈度
3747,司马朴
3749,司马遵
3750,司马俨
3758,苏携
3759,苏岘
3765,苏n
3767,苏轼
3777,孙堪
3807,宋文仲
3816,谭章
3817,谭知古
3818,汤M
3819,汤颐年
3820,汤宋彦
3850,窦禹钧
3852,蔡衢
3860,蔡戡
3871,曹中
3888,邹浩
3896,宗楷
3897,宗泽
3900,曾崇
3905,曾孝章
3907,曾协
3909,曾敏恭
3910,曾逮
3911,曾从龙
3912,曾炎
3919,杜杲
3920,杜庶
3923,杜铎
3926,杜颖
3933,汪逵
3942,王中行
3947,王震
3948,王正己
3951,王厚之
3955,王修
3958,王回
3959,王衣
3966,王蔺
3967,王令
3976,王审琦
3980,王
3993,王淹
3997,王禹
4001,魏了翁
4002,魏叔介
4006,吴铨
4008,吴津
4013,吴曦
4024,吴顺之
4025,吴橐
4028,吴炎
4031,翁蒙之
4033,翁彦深
4040,杨震
4043,杨
4055,杨宗闵
4056,姚宪
4058,姚辟
4061,姚愈
4070,叶义叟
4122,晏大正
4125,尹l
4132,虞
4136,宇文师说
4142,岳甫
4143,岳霖
4149,胡大时
4158,江衮
4181,鲁
5005,徐氏(钱观复妻)
5021,刘氏(周母)
5022,王氏(周必大妻)
5030,邵氏(方逢辰妻)
5033,李氏(韩球妻)
5053,陈氏(许景衡妻)
5056,张季兰
5061,薛氏(高仕戬妻)
5062,王静明
5063,翁氏(高子莫妻)
5069,管氏
5074,林节
5075,方氏(刘克逊妻)
5076,向氏(刘光世妻)
5077,汪氏(楼璩妻)
5084,胡氏 (吕申妻)
5086,方氏(吕大同妻)
5087,韩氏（吕祖谦妻）
5088,芮氏(吕祖谦妻)
5091,王氏(孟忠厚妻)
5092,仲灵湛(孟嵩妻)
5097,朱氏(潘景宪妻)
5104,王中(司马遵妻)
5116,龚氏(谭章妻)
5120,方道坚
5145,杨氏(吴懋妻)
5153,赵紫真
5154,刘氏(杨宗闵妻)
5156,房妙光
5160,赵氏(袁任妻)
5161,范普元
5162,戴氏(袁文妻)
5163,边氏(袁燮妻)
5164,赵希怡
5165,史棣卿(袁洪妻)
5166,叶氏(史简妻)
5171,童尚柔
5172,万氏(王十朋母)
5173,贾氏(王十朋妻)
5176,邵氏(时汝翼妻)
5177,杜氏(叶光祖妻)
5178,高氏(叶适妻)
5180,黄德方
5182,林氏(刘克永妻)
5183,林氏(刘弥正妻)
5184,陈氏(林公遇妻)
5185,王净慧
5186,郑氏(方万妻)
5187,林守贞
5188,赵必善
5189,薛氏(方大镛妻)
5190,陈氏(方由之妻)
5192,陶氏(刘宰妻)
5193,梁氏(刘宰妻)
5194,吴静贞
5195,熊氏(刘子羽妻)
5196,陆氏(刘子妻)
5197,汤氏(赵必愿妻)
5199,蔡氏(王万枢妻)
5200,沈氏(卫时敏妻)
5201,尚氏(周利见妻)
5202,王氏(周利建妻)
5203,周氏(尚大伸妻)
5204,尚氏(田橡妻)
5205,王氏(刘昱妻)
5207,游氏(黄崇妻)
5208,郑和悟
5210,黄氏(陈衡妻)
5214,朱氏(罗无竞妻)
5215,刘氏(曾敏行母)
5216,裴氏(刘滁妻)
5218,周氏(翟汝霖妻)
5225,朱妙真
5228,惠道素(袁说友妻)
5233,林氏(应茂之妻)
5234,俞氏(乔森妻)
5235,钱氏(郑绛妻)
5236,李珏
5237,胡氏(程叔达母)
5240,彭氏(李发母)
5248,王氏(贾谠母)
5249,巢氏(江万里祖母)
5250,胡氏(江提妻)
5254,何氏(周虎母)
5257,卢氏(徐仁杰妻)
5259,傅氏(刘握妻)
5260,莫氏(胡宗称)
5268,潘氏(方天骥妻)
5269,舒氏(竺欣妻)
5275,刘善敬
5277,夏氏(吕师愈妻)
5278,俞氏(罗汝楫妻)
5281,郑氏(何先妻)
5282,宗惠真
5290,王氏(向公援妻)
5293,杜氏(何松妻)
5294,杨氏(杨伸卿女)
5295,史氏(李友直妻)
5297,陆氏(桑庄妻)
5300,虞道永
5303,曹氏(彭蠡妻)
5308,何静恭
5309,薛氏(胡序妻)
5315,王氏(任贤臣妻)
5316,曾德慈
5324,赵汝议
5326,周氏(郭三益母)
5327,吴氏(郎思母)
5338,郑氏(林询母)
5339,刘氏(方采妻)
5341,方氏(刘辉叔妻)
5342,苏氏(苏辙女)
5347,王氏(汪浩妻)
5352,宣氏(赵彦绳妻)
5355,张氏(孙大成妻)
5359,叶妙慧
5361,霍氏
5365,孙氏(王C妻)
5373,林氏(杨兴宗继母)
5377,高氏(阎Y妻)
5378,张氏(俞宽妻)
5382,曾季仪
5385,赵汝偕
5390,黄氏(张根妻)
5392,上官氏(季陵妻)
5395,蒋氏(楼镗妻)
5396,王氏(潘友恭妻)
5404,沈氏(洪皓妻)
5406,庄则
5407,陈氏(汪谷妻)
5408,陶氏(叶时可妻)
5409,祝氏(朱熹母)
5414,李氏(张廷杰妻)
5417,盛氏(洪怀祖妻)
5418,陈静婉
5419,周氏(陈垓妻)
5423,汤氏(赵时侃妻)
5426,章氏(盖经妻)
7000,常安民
7001,常同
7005,陈襄
7007,程俱
7014,张廷杰
7023,仲并
7026,范祖禹
7029,方信孺
7030,黄伯思
7033,何志同
7036,郭忠孝
7043,李文渊
7045,刘安世
7046,刘光世
7052,吕希哲
7053,吕诲
7055,吕祖谦
7059,梅尧臣
7064,苏舜钦
7071,臧询
7072,曾肇
7076,王安国
7079,王质
7084,王巩
7085,王明清
7086,王葆
7092,魏宪
7097,杨亿
7103,叶唐稷
7104,尹洙
7106,邢恕
7110,方崧卿
7111,黄庭坚
7123,陈安节
7127,陈
7128,陈
7130,陈大年
7135,程天秩
7136,程天民
7143,钱观复
7144,钱俣
7146,詹靖之
7151,张Z
7158,张管
7159,章H
7163,张邵
7164,张
7175,赵监
7179,赵善坚
7188,季陵
7193,江褒
7196,周南
7197,周必大
7199,周武仲
7201,朱江
7203,朱颜
7205,朱耜
7211,范成大
7225,傅楫
7227,傅谅友
7239,谢景初
7241,谢服
7252,胡宏
7253,胡峄
7260,高子莫
7263,葛胜仲
7285,梁固
7290,林y
7291,柳{
7307,莫俦
7309,潘正夫
7310,潘
7330,师骥
7335,石宗昭
7343,孙觌
7351,滕庾
7354,蔡湍
7360,崔敦诗
7361,曾耆年
7362,曾c
7364,曾巩
7372,王
7373,王仲嶷
7375,王庠
7381,王苹
7387,卫季敏
7389,卫阗
7401,杨存中
7402,叶参
7409,宇文师申
8002,陈诚之
8003,陈过庭
8004,陈与义
8008,秦桧
8011,张澄
8015,张邦昌
8017,张守
8018,张叔夜
8019,张焘
8023,赵普
8024,赵鼎
8029,郑
8030,郑雍
8034,周麟之
8037,朱倬
8038,朱谔
8039,朱胜非
8042,范致虚
8043,范仲淹
8044,范宗尹
8046,冯
8047,富直柔
8050,韩世忠
8051,韩维
8052,何?
8057,席益
8059,谢克家
8060,徐俯
8061,许景衡
8062,许翰
8063,薛昂
8064,胡宿
8065,黄潜善
8066,黄履
8067,洪遵
8072,郭逵
8077,李回
8078,李纲
8079,李光
8081,李邦彦
8082,李邴
8084,梁焘
8085,林希
8087,刘昌言
8089,刘挚
8090,刘沆
8092,刘逵
8093,刘大中
8094,楼照
8097,路允迪
8098,陆佃
8099,吕好问
8100,吕夷简
8104,孟忠厚
8107,毕士安
8113,史浩
8115,苏易简
8116,苏颂
8117,孙傅
8119,宋庠
8122,汤思退
8123,滕康
8124,童贯
8125,邓洵武
8126,邓润甫
8127,狄青
8128,翟汝文
8129,窦
8131,蔡卞
8132,曹辅
8134,曹彬
8138,段拂
8139,董德元
8140,汪澈
8141,汪勃
8142,汪伯彦
8143,王安中
8146,王黼
8151,王刚中
8153,王旦
8154,王岩叟
8163,吴敏
8165,吴育
8168,杨愿
8169,颜岐
8170,虞允文
8171,余深
8173,宇文虚中
8174,宇文粹中
8175,岳飞
8178,王伦
9002,赵炅
9003,赵恒
9004,赵祯
9005,赵曙
9006,赵顼
9008,赵佶
9009,赵桓
9010,赵构
9011,赵s
9012,赵
9013,赵扩
9014,赵昀
9018,赵m
10010,唐仲友
10022,夏德
10028,许叔微
10044,宋道方
10048,蔡发
10049,蔡元定
10057,虞知方
10058,蔡沈
10059,蔡模
10060,蔡公湛
10061,蔡杭
10062,蔡公亮
10063,蔡权
10070,葛天民
10071,谢方叔
10072,洪天锡
10073,洪天骥
10083,崔嘉彦
10084,吴澄
10086,吴镒
10087,吴曾
10097,宋濂
10116,戚如圭
10127,王卿月
10133,张扩
10141,释惟讷
10156,洪皓
10157,洪迈
10159,洪昕
10160,洪
10161,洪
10162,洪g
10173,文同
10183,周密
10186,周茂先
10189,龚颐正
10203,郭
10205,周学古
10206,周景略
10207,周去非
10210,崔敦礼
10212,王称
10215,翟汝特
10223,张子厚
10224,高闶
10225,张C
10227,赵善待
10229,袁毂
10231,袁灼
10235,袁垧
10237,林勉
10239,陈居仁
10241,王介
10242,王
10243,陈卓
10244,吴U
10245,吴d
10248,史弥正
10251,袁任
10254,袁涛
10255,袁方
10257,袁章
10258,真德秀
10259,袁文
10267,边德
10280,边友诚
10283,边恢
10286,袁觉
10288,袁
10289,袁燮
10296,袁甫
10302,赵伯淮
10304,赵师渊
10308,戴机
10309,戴樟
10310,吴升
10311,吴秉信
10315,吴适
10319,沈焕
10322,舒黻
10323,舒琬
10325,舒U
10326,舒琪
10327,舒锐
10328,舒u
10343,王德文
10349,汪大猷
10351,汪端中
10354,汪大定
10361,郑若容
10363,郑清之
10364,楼P
10368,袁似道
10372,丘寿隽
10374,贾似道
10375,贾伟
10376,贾涉
10380,史木
10382,史渐
10386,余天锡
10389,袁桷
10416,赵子昼
10423,赵师雍
10424,赵师_
10437,赵师夏
10438,赵希悦
10451,慕容彦逢
10452,蒋
10454,蒋宁祖
10456,蒋芾
10493,赵善应
10499,赵仲忽
10507,赵汝
10543,陈着
10549,陈克
10555,辅广
10560,薛嘉言
10564,杨芾
10565,胡铨
10566,杨万里
10567,杨长孺
10568,杨辅世
10573,吴松年
10577,薛徽言
10578,薛季宣
10579,薛叔似
10581,孙汝翼
10582,袁溉
10584,陈彬
10585,陈傅良
10586,薛师雍
10587,张汇
10588,张孝恺
10589,蔡幼学
10590,蔡节
10591,蔡范
10592,郑伯熊
10593,郑伯海
10594,郑伯英
10597,王辅
10598,王十朋
10599,王闻诗
10600,王闻礼
10603,万世延
10609,贾如规
10610,贾如讷
10612,林光朝
10613,林成季
10615,洪朋
10616,洪炎
10617,洪刍
10619,李若水
10620,李如圭
10625,沈作
10639,史尧俟
10640,史尧弼
10647,史似孙
10648,史尧辅
10658,刘光祖
10659,刘靖之
10662,史绳祖
10663,史守道
10670,杜缜
10689,王象之
10697,王淮
10702,王师愈
10703,吕本中
10706,王柏
10708,王相
10711,时汝功
10715,时汝翼
10719,王
10720,王植
10726,王
10727,何基
10731,金履祥
10738,黄梦炎
10740,黄
10748,叶光祖
10749,叶适
10752,姚颖
10754,姚元哲
10755,程
10756,程洙
10757,姚宏
10758,姚宽
10759,岳珂
10762,郭印
10764,包约
10765,包扬
10766,包逊
10767,包恢
10770,包昂
10773,包履常
10794,虞刚简
10795,赵雄
10801,虞集
10815,欧阳玄
10825,程揆
10828,范y
10829,范仲黼
10830,李石
10831,李心传
10838,蔡绦
10840,曹彦约
10850,陈畴
10855,黄武
10856,黄
10865,萧之敏
10869,萧之美
10870,萧
10871,萧必简
10875,李景范
10876,晁冲之
10877,晁公休
10878,晁公i
10881,陈耆卿
10882,陈淳
10884,陈俊卿
10885,陈正卿
10886,陈审
10887,陈宇
10888,陈均
10889,陈
10890,陈守
10891,陈定
10892,陈宓
10893,陈宿
10894,陈址
10895,陈增
10900,梁克家
10901,郑昭先
10902,郑逢辰
10907,郑鉴
10911,郑起
10912,郑思肖
10915,罗点
10916,罗愚
10927,留正
10932,留元刚
10936,留元圭
10945,赵
10948,赵汝腾
10949,赵崇堂
10950,赵汝腴
10976,宋应先
10977,宋诩
10986,林傅
10989,林子济
10998,刘克永
10999,刘弥正
11000,刘克刚
11001,刘质甫
11003,刘夙
11004,刘朔
11006,刘弥邵
11007,刘k
11008,刘兴甫
11009,刘起晦
11012,刘希深
11013,刘伟甫
11014,刘规甫
11015,刘希仁
11029,郑
11040,郑浚甫
11044,郑耕老
11051,郑子简
11053,郑侨
11054,郑寅
11055,郑
11058,陈良佑
11062,杨汝明
11063,杨栋
11066,林格
11067,林诞
11068,林
11069,林公水
11070,林式之
11071,林文之
11072,林公奕
11073,林亦之
11074,林
11075,林公遇
11076,林公选
11087,林希逸
11094,丁伯桂
11095,丁南叟
11096,丁伯杞
11097,丁南一
11107,黄静
11110,黄公度
11120,黄绩
11121,黄仲元
11125,潘植
11127,潘柄
11132,黄r
11134,黄干
11136,余元一
11146,叶棠
11147,叶彦\
11189,傅伫
11247,方惟深
11255,方冈
11259,方扩
11266,方万
11267,方符
11287,郑樵
11288,方暹
11290,方濯
11304,方大东
11305,方蒙仲
11306,方清孙
11307,方廷实
11310,方世京
11324,顾禧
11327,方逵
11328,方大琮
11332,方大舆
11333,刘强甫
11345,薛季良
11348,薛元鼎
11350,方大镛
11355,龚日孜
11357,龚茂良
11358,龚梦良
11361,龚堪
11362,龚
11364,谢廓然
11372,丰稷
11376,丰谊
11378,丰有俊
11385,郭子力
11391,王迈
11392,方史
11396,方由之
11397,方符
11405,黄简
11415,方子容
11419,方翥
11425,方镐
11427,方审权
11432,方丰之
11433,方士繇
11440,方过
11443,林子恭
11444,林郁
11445,林霆
11446,林震
11450,林栗
11452,林致祥
11454,林进礼
11456,胡晋臣
11457,林同
11458,林合
11463,林庆
11465,林
11469,林大有
11483,林汝砺
11484,林行知
11499,林及之
11502,林友仁
11513,林孝谨
11517,陈祖礼
11542,潘大观
11561,周
11575,林
11576,林时
11580,陈规
11582,陈Y
11585,陈栎
11616,苏缄
11624,汪谷
11625,汪藻
11639,陈知柔
11643,陈模
11655,焦千之
11658,张载
11661,吕大钧
11663,吕大临
11664,谢良佐
11675,高世吏
11680,高子润
11703,张坚
11708,赵钧臣
11710,赵奇
11794,庄安常
11796,庄松年
11799,刘蒙庆
11800,刘宰
11801,梁季
11803,陶士达
11805,陶大甄
11810,刘民觉
11811,刘k
11818,熊克
11825,熊禾
11826,刘子羽
11827,刘子
11828,刘子翼
11829,刘珙
11833,刘r
11835,刘学雅
11838,刘学箕
11839,赵崇宪
11840,真志道
11841,赵崇度
11843,赵必愿
11847,汤邦彦
11860,叶时可
11864,刘勉之
11871,胡实
11872,胡宪
11885,游酢
11887,游操
11890,张程
11892,游裕
11896,祝确
11898,祝穆
11902,朱森
11903,刘子翔
11904,朱松
11906,朱
11907,朱鉴
11915,庄绰
11953,乐大章
11957,韩驹
11958,陈凯
11959,陈元晋
11970,许份
11975,许永
11977,许介之
11978,许d
12023,蔡伸
12031,蔡
12032,蔡枢
12047,王u
12051,王万枢
12053,王遂
12058,卫藻
12061,卫时敏
12064,卫肤敏
12066,卫泾
12072,卫
12074,卫沂
12077,卫宗武
12087,杨维桢
12105,蔡迨
12130,周b
12131,周利建
12132,周必强
12134,周必正
12139,尚大伸
12140,田橡
12141,尚振藻
12147,欧阳
12150,欧阳m
12151,欧阳彝
12156,欧阳a
12157,刘m
12158,王庭
12167,王庭璋
12168,王庭玮
12169,王庭珍
12170,王E
12180,刘冕
12186,刘昱
12187,刘彦弼
12190,刘冀
12220,欧阳皤然
12225,欧阳应求
12236,徐铉
12284,萧许
12302,萧燧
12319,余靖
12331,谢逸
12332,谢P
12334,谢源
12354,张耒
12367,杨俭
12424,张友正
12425,张藏英
12431,张九成
12443,林
12457,方耒
12462,林之懿
12477,林梦英
12510,方泳之
12511,方壬
12528,李东
12542,林子冲
12547,任一龙
12553,林诚
12554,黄钺
12566,敖陶孙
12587,陈岘
12594,邹柄
12602,黄崇
12648,王太冲
12658,林枢
12666,郑可学
12681,曾天麟
12682,林
12725,郑锷
12726,郑
12730,李松
12731,李珏
12732,何澹
12734,何瀹
12743,李鉴
12744,黄汝宜
12817,方之泰
12862,郑龙甫
12887,陈衡
12889,陈孔硕
12890,陈|
12902,林泳
12905,黄岩孙
12906,郑与言
12931,黄东
12932,黄宰
12933,黄仁俭
12969,章援
12972,范寅宾
12978,朱在
12999,黄大临
13071,夏倪
13077,黄?
13084,郭雍
13105,钱燮
13115,彭商老
13116,彭周老
13117,彭汉老
13119,彭尧辅
13123,康翼
13134,胡登臣
13140,胡维宁
13142,胡仔
13143,胡份
13144,胡昌龄
13145,胡宗古
13146,胡公武
13148,胡箕
13150,胡锷
13153,胡镐
13154,胡泳
13158,胡
13161,胡
13166,曾端
13173,罗无兢
13175,罗良弼
13178,罗泌
13179,罗苹
13188,杨邦V
13192,萧楚
13199,曾机
13200,曾震
13210,毛随
13219,毛注
13225,毛洵
13230,毛惠直
13232,曾光庭
13233,曾敏逊
13235,曾三复
13236,曾敏行
13238,刘滁
13239,刘清之
13240,刘靖之
13241,刘肃
13247,刘龟年
13248,刘龟从
13250,刘孟容
13251,刘
13254,曾三聘
13255,曾三异
13256,曾三英
13257,曾宏正
13279,谢谔
13284,曾敏修
13286,刘安世
13293,刘德礼
13303,孙逢吉
13306,孙逢年
13307,孙逢辰
13323,翟起宗
13324,翟汝霖
13339,詹至
13341,詹仪之
13342,詹义民
13343,詹阜民
13344,詹长民
13378,郑獬
13385,江端友
13393,关注
13411,傅墨卿
13423,石公辙
13425,石斗文
13435,石继曾
13440,姚镛
13444,虞仲琳
13458,李复
13460,华镇
13477,王佐
13481,曾开
13482,曾懋
13497,吕商隐
13500,吕凝之
13505,常A
13509,常有开
13510,常浚孙
13530,盛允升
13538,晁端规
13541,晁升之
13542,晁公庆
13546,晁公谔
13547,晁公耄
13579,张孝伯
13580,张即之
13583,高文虎
13586,高得全
13588,张秀樗
13648,陈正汇
13652,陈大光
13664,张h
13666,张铢
13667,张牧
13668,张垓
13682,张良臣
13694,叶唐稽
13695,陈{
13712,张哿
13716,张洙
13721,邓密
13726,张垂
13746,李应
13756,王之奇
13762,张]
13763,张履
13773,张杰
13784,张庶
13785,张z
13803,程敦厚
13806,程公说
13807,程公许
13809,吴泳
13810,度正
13811,张森
13817,魏和孙
13819,魏少翁
13828,魏越翁
13831,魏文翁
13838,高大中
13839,高道充
13843,高载
13844,高稼
13845,高定子
13846,高崇
13847,高斯得
13848,高斯谋
13849,高斯道
13851,魏天佑
13862,虞方简
13868,李惟正
13879,张钧
13881,李塾
13892,杨炜
13893,冯时行
13905,师遇
13907,李壁
13911,李H
13912,张焕
13913,张椿
13914,张r
13924,张扩
13930,张大训
13940,朱颜
13944,薛绍
13945,许及之
13972,张唐卿
13974,张
13980,费士寅
13994,张商卿
14007,张演
14011,张炎
14014,章宪
14019,陈伯震
14021,陈少方
14034,郑刚中
14036,陈通
14041,陈益
14060,章良肱
14065,章大醇
14074,章友直
14081,葛密
14092,葛次仲
14103,章颖
14105,章择
14121,陆蕴
14170,洪拟
14172,洪兴祖
14174,李楠
14183,郑洙
14184,郑溥
14187,郑卞
14194,章元任
14196,章焘
14201,何耕
14202,何方
14228,周紫芝
14246,折克行
14255,郭成
14256,郭浩
14270,胡百能
14271,唐
14283,陈敦化
14284,陈说
14285,陈谦
14291,陈章
14292,陈m
14293,吴子良
14299,李D
14305,王云
14328,陈豫
14338,陈桷
14352,陈懿
14353,陈彦才
14355,林季仲
14364,陈P
14365,陈均
14375,陈之方
14406,陈着
14407,陈举善
14420,陈丰
14421,陈谠
14444,傅察
14445,李缜
14447,李谌
14450,傅伯寿
14451,傅伯成
14454,王大宝
14455,傅伯拱
14456,傅景裴
14459,傅康
14471,傅齐
14512,杨炳
14516,陈棠
14517,赵思诚
14520,陈炳
14525,陈垓
14527,陈伯圭
14544,陈
14547,陈字
14575,陈梦庚
14579,陈雄
14580,陈合
14600,陈希点
14613,陈维
14617,陈从古
14659,赵叔尊
14678,赵望之
14680,赵彦卫
14750,赵公升
14753,潘自厚
14755,潘自晦
14756,潘自牧
14760,邢邦杰
14761,邢居实
14765,陈东
14766,潘景愈
14790,赵叔近
14793,赵彦侯
14798,赵彦倪
14811,赵以夫
14819,赵彦恂
14821,赵时侃
14823,赵时佐
14826,赵若
14833,彭龟年
14834,彭钦
14835,彭铉
14843,赵伯摅
14844,赵师侠
14856,尤袤
14858,尤~
14871,尤
14880,袁直友
14881,袁说友
14885,袁枢
14892,惠迪
14893,惠哲
14903,赵彦逾
14913,赵像之
14924,赵尚之
14926,赵彦
14928,曾黯
14960,赵伸夫
14967,詹体仁
14971,詹渊
14972,詹枢
14973,刘~
14978,刘
14993,赵师秀
14994,陈圭
14996,韦骧
15034,陈炜
15043,陈武
15044,陈明
15049,陈持
15070,杨论
15071,杨庭显
15072,杨简
15082,凌哲
15084,凌云
15106,赵孟坚
15109,赵与E
15170,陈
15175,陈楫
15181,陈巩
15182,陈谔
15188,林大中
15192,应孟明
15196,应茂之
15197,陈绎
15204,陈一鸣
15213,陈文龙
15217,赵方
15218,赵范
15219,赵葵
15233,陈思恭
15237,陈稽古
15238,陈龟年
15247,赵希]
15250,赵与潞
15259,乔行简
15269,曹勋
15270,周孚
15271,陈珙
15286,綦崇礼
15296,郑侠
15301,郑恭
15311,谢凤
15316,郑绛
15317,郑作肃
15319,郑厚
15326,郑汝谐
15327,郑南
15346,郑藻
15347,郑兴裔
15349,郑克
15359,程准
15362,程卓
15374,杨大法
15388,江钧
15394,江汝明
15420,江
15427,江溥
15428,江相
15429,江大方
15431,江公亮
15443,王洋
15444,程宏济
15448,黄得礼
15449,黄次山
15455,黄牧之
15459,陈造
15461,曾唤
15465,黄思永
15471,黄畴若
15472,黄策
15482,范仲武
15501,马廷鸾
15502,马岩甫
15509,曹泾
15555,汪义和
15556,汪纲
15558,汪统
15567,程晋之
15569,程叔达
15570,虞集
15571,曾丰
15619,赵敦临
15631,汪叔敖
15634,汪若容
15635,汪若海
15638,朱由义
15649,汪大辩
15711,程谦之
15720,程德秀
15729,程覃
15734,程全
15735,程先
15768,程九万
15769,程正
15771,程放
15772,程元凤
15773,程元岳
15791,季镛
15799,上官惕
15825,嵇居易
15831,纪极
15836,张汝永
15838,张汝
15856,郏升卿
15894,郭弥约
15896,郭份
15903,罗绂
15907,李汝明
15912,李发
15918,罗上达
15919,罗上行
15920,罗上义
15921,罗维藩
15926,罗全略
15953,孔元忠
15990,丁大全
16000,巫必
16003,巫大方
16024,秦~
16026,秦觏
16039,吴柔胜
16040,吴渊
16044,贾称
16049,江公望
16057,江瑛
16058,江U
16060,江万里
16061,江万顷
16070,江文叔
16079,江提
16081,司马
16082,司马述
16084,姜柄
16106,姜处恭
16107,姜处度
16146,蒋存诚
16165,蒋行简
16166,蒋叔舆
16169,臧格
16178,蒋谟
16184,蒋猷
16186,蒋纶
16192,蒋圆
16195,强行父
16200,谯令宪
16221,钱尧卿
16222,钱朝彦
16223,钱文子
16228,钱易直
16240,钱伯言
16270,钱之望
16290,钱抚
16293,俞建
16302,京镗
16304,黄铢
16320,丘迪
16329,周越
16342,周正
16345,周宗礼
16365,莫砥
16370,莫伯虚
16463,朱融
16475,周梅叟
16488,周自强
16492,吕绍义
16500,徐文献
16504,徐侨
16505,徐文卿
16517,富延年
16524,富
16526,朱适之
16527,朱元龙
16531,释慧印
16540,周楫
16541,周模
16548,释宗本
16567,周邦彦
16569,周芑
16643,胡宗
16647,胡沂
16649,胡卫
16650,胡拱
16651,胡撙
16653,胡衍
16659,孙介
16663,孙应时
16664,朱翼
16666,朱择善
16669,朱敦儒
16671,朱绂
16679,朱振
16681,朱弁
16687,王汝平
16689,王愈
16691,王橐
16692,王炎
16693,王诏德
16701,朱肱
16712,诸葛C
16717,诸葛埴
16719,刘洵直
16720,刘榘
16740,范成象
16783,范仲艺
16786,范仲芑
16790,范元功
16791,范仲彪
16814,李处全
16817,邵骥
16818,李处权
16822,韩黯
16888,范浚
16891,范端臣
16892,范端杲
16893,范钟
16900,徐端卿
16903,胡缉
16910,范机
16935,方谦
16944,方有开
16946,方z
16993,方左钺
17013,易
17027,方万里
17032,方元修
17051,李过庭
17053,舒琮
17056,袁良佐
17062,竺欣
17073,高元之
17083,舒津
17095,汪汝贤
17096,汪
17100,谢深甫
17102,谢采伯
17110,张布
17112,陆秀夫
17116,李昴英
17156,宇文师献
17158,宇文之邵
17159,宇文
17161,宇文峒
17172,宇文绍节
17173,宇文绍奕
17182,冯预
17183,冯颀
17211,冯多福
17218,符授
17220,符叙
17302,田有嘉
17325,黄谈
17375,管鉴
17382,高茂华
17383,赵不侮
17385,赵善继
17397,鲍得朋
17398,鲍
17406,鲍彪
17415,鲍粹然
17444,王伯庠
17472,刘莹
17473,刘去非
17474,刘|
17479,刘安上
17480,刘安节
17481,刘谠
17484,刘安礼
17489,吕师愈
17491,吕浩
17511,罗汝楫
17512,罗颂
17514,罗愿
17517,俞汝尚
17527,吴儆
17529,吴
17530,吴锡畴
17542,洪_
17544,洪琰
17547,洪扬祖
17549,吕午
17550,陈埙
17558,何汶
17566,何处恬
17574,刘禹锡
17575,刘廷直
17576,刘承弼
17578,向子贲
17584,吴咨
17598,宗武
17599,曾逢
17604,曾集
17608,陈锡
17634,王F
17635,唐士耻
17639,喻师
17640,商
17646,喻
17648,喻良能
17649,喻葆光
17651,喻良弼
17655,何先
17656,王永年
17658,何榘
17659,何恪
17660,何大猷
17662,刘叔向
17666,王师
17676,赵伯圭
17680,赵师l
17688,赵与
17690,赵孟俯
17701,吴益
17703,吴盖
17706,吴琚
17781,韩冠卿
17821,王彦隆
17827,向浯
17828,向涪
17836,向澹
17844,王从
17849,向公援
17871,唐诏
17885,王F
17888,王
17926,芮烨
17927,芮辉
17935,石介
17942,韩琥
17946,钱受之
17956,何异
17967,何松
17973,何逮
17974,何梦申
17980,巩法
17981,巩丰
17982,巩嵘
17987,郭良臣
17988,郭良显
17989,郭钦止
17990,郭江
18009,吴
18012,郭澄
18014,郭浩
18027,乔拱
18029,孙j
18039,高廉
18049,洪咨夔
18052,洪琥
18053,洪勋
18055,洪起畏
18063,贺铸
18082,林宪
18089,席旦
18096,史浚
18101,李尚
18104,李友直
18129,李以申
18136,史弥
18137,史弥巩
18169,桑庄
18170,桑世昌
18184,陆淞
18188,陆子y
18198,叶梦鼎
18203,潘友文
18205,史宇之
18234,史安之
18245,史Z卿
18273,任古
18318,孟昶
18413,宋绍恭
18414,宋驹
18427,江琦
18428,江明
18449,项安世
18452,萧颜
18454,萧硕
18457,黄淮
18459,牛斗极
18469,曹O
18479,彭蠡
18501,檀涣
18508,黄灏
18509,黄杭
18511,蒋
18518,丁南金
18519,谢杰
18587,徐迪哲
18588,徐谊
18591,徐藏
18597,徐梦莘
18602,徐得之
18603,徐筠
18604,徐天麟
18613,孟宗政
18674,戴厚
18684,戴溪
18685,戴栩
18705,沈晦
18726,薛绍彭
18780,薛居宝
18781,薛扬祖
18785,杨U
18813,王寿朋
18830,胡序
18847,胡世将
18853,胡应炎
18863,胡长卿
18877,吴悫
18883,胡b
18888,胡余潜
18889,胡太初
18926,黄升
18938,黄震
18946,黄策
18949,黄维
18952,黄沃
18953,黄云
18954,黄由
18960,赵士
18968,黄景说
18978,黄钧
18983,黄y
18985,黄概
18986,黄辂
19011,黄朴
19032,黄守
19048,黄y
19054,黄永存
19062,黄洧
19064,赵不衰
19065,赵善俊
19066,赵善佐
19075,任
19076,任伯雨
19077,任贤臣
19078,任希夷
19082,王庭秀
19085,王镐
19087,任申先
19089,任尽言
19092,黄得一
19103,洪蘩
19104,曾发
19105,曾撙
19111,文士庆
19113,文安国
19123,文天祥
19128,霍}
19157,李十鉴
19158,李经
19162,李方子
19163,李文子
19164,李闳祖
19168,苏过
19174,苏元老
19175,苏适
19177,苏简
19180,苏诩
19184,苏昭广
19185,苏籍
19200,任续
19209,冯宜之
19210,冯诚之
19211,冯思复
19212,冯甲
19277,李嗣宗
19278,李开
19322,高禾
19329,李复
19356,葛自得
19377,耿秉
19380,顾复几
19393,顾义先
19405,赵善湘
19406,赵善潼
19410,赵汝M
19414,赵不??
19419,王m
19423,唐氏(王m妾)
19426,王象
19429,赵善临
19430,赵汝谈
19431,赵汝谠
19461,盖经
19465,郭氏(赵s妻)
19479,郭宗
19482,郭
19483,周顺之
19485,霍端友
19500,吴尚
19517,郎孜
19518,郎思
19530,雷孝友
19551,朱洞
19567,李正民
19568,李洪
19573,李宪
19595,李彦颖
19596,李浃
19597,李沐
19657,李祥
19659,李华
19667,黄
19670,孙复
19691,张??
19693,宋之瑞
19697,李G
19699,张元干
19701,曾噩
19711,赵令衿
19714,赵明诚
19718,李知微
19763,李占
19771,李彭
19773,李敏随
19785,李冲
19790,李遇
19806,邓景y
19840,吕南公
19864,李友仁
19865,李公麟
19868,李冲元
19876,王正功
19880,王应麟
19907,李珂
19908,李充庭
19915,张
19922,楼锡
19927,楼l
19928,楼球
19932,楼{
19940,赵师浔
19946,楼居明
19965,舒衍
19967,楼C
19972,楼v
20002,杨熹
20003,李如晦
20006,李炎震
20011,李性传
20017,李缯
20019,李流谦
20021,李益谦
20027,李道传
20029,李龟朋
20048,梁宗善
20049,梁先
20050,梁将
20051,梁锡
20052,梁惠
20053,梁安世
20079,廖玖
20081,廖倚
20099,王伯大
20113,林秀发
20125,林贯之
20132,林岂
20141,林
20188,林国钧
20189,林充
20190,林浦
20191,林某
20202,林骏伯
20208,刘岳
20235,刘蕴
20236,刘颖
20237,刘强学
20240,徐士龙
20250,赵希怿
20251,赵与
20253,赵与??
20259,刘颔
20260,刘崇之
20279,刘定国
20280,刘珏
20281,刘焘
20283,刘唐稽
20292,方采
20293,方得一
20296,刘文礼
20299,刘辉叔
20306,赵师孟
20318,刘淮
20358,麋m
20374,刘正
20379,刘师尹
20393,刘纪明
20396,刘l
20406,刘甲
20407,刘懋
20408,刘芮
20409,刘某(刘芮父)
20415,刘涣
20419,刘恕
20430,刘生辰
20436,方实孙
20437,刘光叔
20447,刘邦光
20449,刘直孺
20451,刘茂实
20454,刘益之
20458,刘谦终
20463,柳大雅
20479,罗克开
20497,卢彦德
20505,杨筹
20526,冯兴宗
20543,陆筠
20545,陆九思
20546,陆焕之
20548,陆浚
20549,陆九叙
20550,黄叔丰
20551,周清叟
20555,危稹
20556,危和
20560,赵公衡
20561,赵彦演
20564,赵彦璋
20577,李琥
20582,陆九韶
20584,陆九龄
20586,梁师成
20591,吴渐
20592,吴J若
20593,吴炳若
20618,丁安议
20621,丁安常
20624,范贲
20634,沈介
20635,丁端祖
20636,沈管
20637,陆持之
20642,吕夔友
20644,吕琰
20649,吕q
20669,吕沆
20670,吕殊
20697,马之纯
20699,马光祖
20713,孟氏(赵煦妻)
20715,孟猷
20717,孟导
20727,苗傅
20740,牟忻
20742,牟子才
20743,牟t
20765,欧阳守道
20770,欧阳钵
20778,潘特竦
20780,潘周伯
20794,彭龟年
20795,彭椿年
20797,商飞卿
20800,商逸卿
20811,边A
20866,邵博
20868,邵
20888,沈昭逊
20910,石??
20917,沈复
20923,沈超回
20927,沈省曾
20929,沈揆
20935,沈有开
20940,沈大廉
20941,沈大经
20946,沈体仁
20951,沈贲
20956,赵沾
20960,林石
20963,林松孙
20964,林仲损
20968,盛子谦
20984,李朴
20992,施师点
21006,施某(施巨父)
21015,施元之
21016,施宿
21027,邵浩
21036,时镒
21037,时
21038,时澜
21039,时少章
21046,曹佃
21053,汪淳
21054,汪灌
21055,汪浩
21056,汪仲仪
21059,汪大度
21074,石起宗
21115,石允德
21119,赵彦绳
21133,杜思恭
21139,杜椿
21142,杜知仁
21153,林鼐
21178,张近
21180,方岳
21198,石范
21233,司马槐
21234,司马子巳
21240,苏庠
21241,释祖可
21246,苏振文
21259,潘
21279,孙畋
21288,孙书
21291,孙大成
21295,孙沂
21309,陈嘉言
21332,孙觐
21356,孙梦观
21360,孙
21372,孙庭臣
21375,孙时
21377,孙杞
21399,孙昭远
21424,孙份
21435,孙宗鉴
21441,孙叔谨
21455,范楷
21465,赵充夫
21475,戴日宣
21481,单莘
21490,汤德威
21491,汤千
21492,汤巾
21493,汤中
21494,汤师中
21529,唐文若
21544,唐U
21549,陶
21564,滕珙
21565,滕k
21569,滕强恕
21581,滕膺
21592,张缜
21615,田澹
21619,丁宝臣
21621,丁常任
21622,丁逢
21639,窦从周
21653,蔡开
21671,曹叔远
21672,曹豳
21689,曾用虎
21690,曾浩
21691,曾r
21692,曾秘
21701,曾松
21721,曾渐
21731,谭吉先
21732,谭孚先
21733,谭绍先
21755,段管
21784,左师召
21790,段冲
21791,段元恺
21800,连南夫
21824,都郁
21843,董槐
21846,董道隆
21879,董颖
21896,董
21904,吴点
21905,吴思
21911,程鼎
21912,程洵
21913,董琦
21915,董铢
21922,董为良
21953,王镇
21993,王纲
21998,王居安
22000,王居正
22002,徐元杰
22004,陈文蔚
22006,徐直方
22009,王窳
22015,王湘
22020,王梦易
22031,王回
22047,王会龙
22077,王|
22082,汤岩起
22101,王克明
22102,王大受
22123,王陶
22168,王枢
22205,王
22206,江朝宗
22212,王纲
22218,王觉
22222,林公琰
22228,王立言
22239,王益之
22253,王廉清
22278,石延年
22292,魏
22300,翁绍之
22317,翁合
22368,吴沆
22388,李茆
22389,吴猎
22396,陆韶之
22408,吴燠
22412,吴竿
22417,吴诚若
22419,吴正子
22434,杨瑾
22482,杨迪
22487,杨方
22488,杨辅
22517,杨缜
22523,杨某
22524,杨楫
22543,杨懿孺
22574,杨绍云
22578,杨京
22581,杨樗年
22582,杨恕
22590,杨大异
22594,杨王休
22596,杨虞仲
22600,杨次山
22602,杨石
22606,杨甲
22627,杜盖
22628,杜广心
22629,杜孝严
22630,杨令圭
22637,李嘉量
22646,杨泰之
22648,杨震仲
22654,杨应询
22670,叶助
22676,叶篑
22681,孟珙
22690,叶衡
22700,叶着
22701,叶绍翁
22705,朱
22713,叶元U
22731,颜师鲁
22736,颜颐仲
22749,阎Y
22772,应元衮
22778,应武
22799,王质
22810,俞亨宗
22814,俞灏
22818,俞宽
22819,俞烈
22842,余童
22847,余公彦
22849,喻樗
22850,宇文价
22855,岳震
22872,董亿
22873,陈孺
22880,萧
22909,刘发
22924,刘
22928,刘铨
22948,胡元质
22958,柴瑾
22962,孟之缙
23014,蹇驹
23076,冯理
23077,冯忠恕
23108,谢解
23157,李蘩
23176,陈天麟
23194,钟将之
23196,钟颖
23277,叶莫
23313,周瑜
23316,周汝能
23387,黄文昌
23388,黄文晟
23391,黄
23409,钟离松
23438,吴运
23485,杨獬
23489,余彦广
23498,张方
23500,赵不悔
23624,赵伯术
23628,赵克凝
23735,陈旦
23746,宗庠
23888,陈宓
23935,周毅
23969,方畴
24058,叶尚
24097,刘昂
24162,徐元德
24172,李端
24274,许应龙
24311,郑毂
24320,刘
24323,徐荣叟
24324,徐清叟
24340,林硕
24345,林惟孝
24379,赵君锡
24399,谯定
24417,惠畴
24430,莫庭芬
24467,戴若冰
24471,文及翁
24489,单锷
24495,余京
24500,李端方
24554,林俊
24709,游仲鸿
24710,游
24716,黄仁静
24717,黄度
24720,黄章
24724,孟浩
24731,赵琳
24742,赵纶
24756,周鼎臣
24757,周端朝
24765,皇甫斌
24766,刘德秀
24771,郑丙
24772,卓洵
24788,倪思
24791,倪祖义
24793,倪祖常
24801,张岩
24802,沈继祖
24813,毕渐
24814,陈公辅
24820,陈显伯
24828,金大亨
24830,饶节
24832,汪革
24839,李浩
24841,李复
24847,李彦华
24848,李琥
24849,李刘
24851,欧阳澈
24853,林大鼐
24854,刘汉
24855,刘汉传
24860,娄机
24873,余端礼
24874,余嵘
24886,曹盅
24888,曹盖
24918,李新
24920,邓名世
24921,邓约礼
24925,赵令
24956,鹿何
24957,鹿昌运
24961,黄宜
24982,彭醇
25005,王守
25016,乐材
25031,马涓
25033,龚
25096,姚古
25097,姚平仲
25103,祝
25108,刘尧夫
25112,萧德藻
25121,韩璧
25123,廖德明
25127,罗从彦
25132,施渊然
25133,祝禹圭
25150,沈瀛
25154,宋之才
25174,崔与之
25175,孙道夫
25189,王辰应
25190,魏M
25192,徐似道
25203,赵粹中
25212,周庭俊
25214,周执羔
25229,林景熙
25230,冯某
25245,蔡元康
25265,赵士i
25266,赵不?
25269,赵不T
25271,赵不迹
25273,赵汝Y
25284,傅瑾
25285,傅杰
25306,冯耔
25313,陈豫
25314,陈一鹗
25345,胡
25350,丁昌期
25351,丁志夫
25359,蒋禀
25365,刘春
25369,徐钺
25375,潘朝卿
25378,林文质
25382,林颐叔
25383,林渊叔
25385,沈昌
25400,诸葛说
25405,陈u
25409,高融
25410,高松
25412,赵士
25430,丁希亮
25431,丁世雄
25438,郑噩
25444,孙椿年
25446,孙之宏
25459,赵师旦
25469,周洎
25489,王度
25490,李S
25494,赵善悉
25495,赵汝铎
25504,厉邦俊
25505,厉仲方
25508,厉文翁
25511,石文
25514,赵训之
25516,赵彦
25518,刘佑
25520,刘允济
25521,蔡待时
25522,蔡镐
25526,戴龟朋
25533,赵伯X
25535,赵师
25537,莫A
25538,莫叔光
25556,董仲永
25560,陈宗誉
25570,谭篆
25578,赵彦真
25582,苏
25587,王时会
25600,黄齐
25609,王英臣
25610,王琳
25621,刘允恭
25627,孟泽
25635,赵彦端
25639,赵宗之
25644,赵公硕
25671,陈师良
25682,詹\
25692,曹础
25702,陈献臣
25726,任衍
25730,程某(程骧父)
25742,莫彦逵
25750,刘彦奇
25756,林景诜
25775,徐琮
25776,徐鹿卿
25782,甘茂荣
25799,王思文
25801,王惟寅
25802,王梦龙
25805,曾坚
25813,方禾
25817,吴元度
25818,吴叔告
25823,方遇
25824,方必敏
25828,徐士明
25832,刘用行
25837,郑宗超
25842,赵希s
25845,陈绂
25858,陈容
25860,林
25867,林兴宗
25872,江叔豫
25883,陈守仁
25891,方渐
25900,方阜鸣
25902,方
25905,方硕子
25906,方汝一
25909,方武子
25911,方汝玉
25919,赵必健
25932,赵蕃
25933,赵遂
25939,方其义
25970,饶应子
25972,饶应龙
26011,罗必元
26016,罗晋
26017,罗一理
26022,柴中行
26023,欧阳镇
26027,陈龟朋
26033,李丑父
26038,顾孺履
26058,赵庚夫
26075,林美中
26082,萧宋珍
26091,林鹗翁
26092,林
26099,陈焯
26101,张持之
26104,方从礼
26118,李潮
26120,方晔
26121,方缜
26134,蔡闳
26137,赵信
26139,赵烨
26140,赵焯
26146,吴有成
26148,吴之巽
26151,吴昌裔
26156,赵昱
26222,朱
26239,吴
26243,吴公择
26250,沈巽之
26251,沈长卿
26260,祝佑
26261,祝奕
26262,祝可久
26263,李恺
26267,赵伯璋
26268,赵伯f
26278,段永
26406,家炎
26420,家某
26428,家大酉
26431,家铉翁
26547,柳谧
26551,陈岩肖
26555,吴汉英
26561,李绅
26566,艾谦
26569,艾庆长
26581,赵崇悉
26584,陈景周
26588,李仁深
26589,李仁
26590,胡泳
26594,蔡大醇
26596,卫翼
26599,张宗可
26603,高天赐
26607,袁清卿
26610,王介
26611,王汉之
26612,王涣之
26614,王W之
26616,王光逢
26623,施世英
26631,范克信
26637,赵师龙
26653,林丞
26682,黄宗谅
26707,骆季友
26717,陈邦臣
26723,胡^
26729,胡革
26733,章焕
26742,李必达
26745,蒋如晦
26749,何懋之
26762,赵俾夫
26766,程榆
26768,程沐
26774,罗博文
26783,范应发
26804,唐震
26812,刘獬
26813,刘令猷
26816,黄石
26825,周枢
26839,陈良翰
26861,董昌裔
26869,斛僖
26874,赵介
26880,葛|
26882,葛敏修
26889,王伯刍
26898,赵彦W
26899,刘大成
26908,李守柔
26913,刘辉
26915,程振
26927,程东
26969,周
26981,释处严
26988,王龟龄
27041,徐量
27046,徐徽言
27177,俞积
27179,孙镇
27184,张应辰
27199,罗安强
27207,刘京
27214,柴渊
27231,严万全
27239,唐稷
27244,乔仲迁
27250,郭冲
27260,罗恭
27264,杨存
27276,王邦V
27281,王大临
27287,王季安
27289,王孚
27294,刘大同
27299,虞[
27301,虞俦
27303,李
27310,李说
27314,李修己
27316,李义山
27327,蒋熙
27329,蒋允济
27346,朱蒙正
27352,吴彦申
27357,陈良能
27361,徐木
27365,陈廷俊
27366,何坦
27367,陈昌运
27370,周s
27375,郭颐
27377,程汝能
27381,程端蒙
27385,魏镏
27387,魏大名
27390,魏孝伯
27391,员安舆
27392,员安宇
27395,员南圭
27397,员兴宗
27398,孙书言
27404,饶伟
27406,饶干
27414,方士端
27431,张维
27438,李椿
27444,李宗思
27445,叶
27454,赵时通
27457,徐叔川
27462,吴懿德
27465,许奕
27477,杨庆崇
27486,蹇君章
27502,张宗说
27511,江埙
27513,江默
27518,黄师南
27529,胡大异
27545,赵彦
27550,郭叔谊
27559,李骏
27579,张绎
27592,叶廷
27601,陈俞
27606,刘辰翁
27607,刘将孙
27643,姚行简
27644,姚勉
27646,邹一龙
27647,程
27667,朱埴
27702,陈藻
27703,卫博
27704,舒邦佐
27708,赵善括
27709,赵汝谟
27710,杨冠卿
27711,廖行之
27715,裘万顷
27719,姜特立
27720,刘过
27722,汪莘
27723,游九言
27724,游九功
27727,方回
27728,方琢
27746,唐廷瑞
27756,戴敏
27757,戴复古
27759,穆修
27761,陈舜俞
27769,郭祥正
27770,邓肃
27771,邓南夫
27773,高登
27779,倪朴
27780,詹初
27784,徐经孙
27788,徐纬孙
27790,徐泳孙
27793,刘黻
27794,解道宁
27797,刘应奎
27799,释文
27800,阳枋
27801,谢枋得
27814,舒岳祥
27819,王氏(舒岳祥母)
27825,汪元量
27829,胡次焱
27836,赵文
27853,程巨夫
27878,聂子述
27928,刘黼
27957,吴师道
27965,郑元佑
27984,吴沈
28015,刘岳申
28022,危素
28143,柳贯
28169,郑运
28192,脱脱
28306,戴表元
28342,仇远
28381,梁寅
28410,王逢
28459,陈基
28498,胡长孺
28499,俞德邻
28617,王恽
28626,宋本
28701,方氏
28800,朱德润
29001,刘因
29005,安熙
29082,元弼
29105,元明善
29549,张B
29558,张表臣
29570,陈献章
29597,程迥
29598,闻人滋
29602,程敏政
29603,李贤
29843,方勺
29845,林逋
29854,陶宗仪
29864,谈钥
29869,徐积
29876,钱大昕
29910,高夔
29915,司徒氏(高夔母)
29931,赵炳
29934,赵直
29944,林表民
30144,朱彝尊
30151,朱棣
30180,祝允明
30192,全祖望
30206,方岳
30219,胡梦昱
30221,胡利用
30231,葛洪
30235,丁丙
30304,何去非
30305,何e
30359,辛弃疾
30361,熊朋来
30374,王守仁
30727,释惠洪
30759,陈庆勉
30793,郑玉
32540,李白
33118,宋慈
33120,宋翔
33233,释居简
33263,许月卿
33264,许大宁
33265,许日卿
33266,李淑英
33290,龚鼎臣
33309,李季可
33311,李易
33314,李如}
33319,李从周
33320,李侗
33326,李友直
33327,李信甫
33340,廉布
33349,刘昌诗
33351,刘翰
33354,刘愚
33356,徐氏(刘愚妻)
33357,刘克
33367,刘大有
33374,刘枢
33480,郭忠恕
33596,刘应时
33648,罗炜
33861,吕愿中
33866,马永卿
33881,毛晃
33882,毛居正
33902,潘阆
33921,彭叔夏
33929,彭仲刚
33933,彭百川
33957,宋氏(江褒母)
34134,宋荦
34374,洪焱祖
34385,高启
34430,周新
34508,徐有贞
34521,徐鉴
34525,郑纪
34530,朱存理
34532,章懋
34579,王鏊
34627,郑岳
34649,崔铣
34702,罗洪先
34721,王臬
34738,胡应麟
34748,刘宗周
34789,释契嵩
34869,宋庆之
34870,宋有
34881,宋自适
34882,宋自道
34888,王氏(宋沆妻)
34890,释道济
34891,释道潜
34892,释道璨
34894,吴氏(释道璨母)
35005,曾季狸
35006,左纬
35013,杜
35014,杜旃
35015,杜
35017,杜
35063,王士祯
35065,王宗沐
35109,吴仁杰
35121,杨仲良
35163,胡凤丹
35268,王子俊
35269,王炎午
35275,刘氏(王希淮妻)
35278,王阮
35282,吴如愚
35283,吴龙翰
35293,严粲
35302,王义山
35307,聂维清
35308,聂
35354,刘埙
35356,揭氏
35497,缪荃孙
35514,叶J
35559,陈普
35571,范莘
35582,陈芾
35616,周纶
35628,张幼昭
35631,潘子顺
35718,叶相
35719,闻人氏(赵师龙妻)
35940,袁守
35996,潘妙静
36000,宣希真
36074,沈达
36129,项氏(陈说之妻)
36131,陈说之
36142,陈道蕴
36199,赵悟真
36226,胡氏(赵方妻)
36305,蔡氏(樊滋妻)
36315,葛立象
36325,潘氏(陈一鹗母)
36345,赵氏(徐庭兰母)
36469,赵逵
36518,张绩
36560,王正
36923,孙氏(王之道妻)
36935,李忠
36937,李常
37046,陈绅
37146,钱氏(沈长卿母)
37205,曾耒
37256,郭氏(赵公硕母)
37259,张法言
37335,蒋氏(丁昌期妻)
37366,邵氏(詹\妻)
37376,时氏(陈确母)
37471,梅宰
37479,赵子h
37480,赵子沆
37523,潘公
37632,王彦晖
37633,王安
37634,程氏(王彦晖妻)
37643,王彦成
37644,蒋氏
37650,王明发
37667,王居仁
37686,王思明
37692,王其贤
37695,王相如
37701,王允初
37727,尤葵
37738,孔宗旦
37752,王氏(陆游妻)
37757,丁尧
37765,方至
37768,王德
37784,丁游
37799,方元u
37807,王稼
37809,徐明叔
37812,吴自牧
37822,王九成
37826,安丙
37840,袁氏(王九成妻)
37850,王缙
37851,方桂
37853,王震
37869,王枢
37871,王异
37876,丁明
37880,丁克
37888,丁~
37908,丁可久
37919,方
37920,方应龙
37923,丁逢辰
37924,王浚明
37929,刘氏(王庭妻)
37941,刘氏(王庭璋妻)
37959,丁黼
37960,王翊
37961,丁泰亨
37964,王翊
37991,王
37995,王巳
38000,王时敏
38004,李宗勉
38005,刘炎
38046,王元实
38065,丁必称
38088,王信
38091,徐氏(王信母)
38103,丁维皋
38129,王日休
38137,王日就
38138,王中孚
38152,王必成
38159,王复
38165,王莘叟
38184,于恕
38192,王敦诗
38193,于
38195,王珏
38219,于有成
38222,刘氏(方濯妻)
38224,郑性之
38233,王中甫
38237,王中纯
38244,王与之
38255,王与义
38258,王恬
38262,王与权
38267,王梦松
38268,某氏（王鼓福
38277,方子方
38281,王允恭
38282,叶味道
38290,王公弼
38291,王经国
38292,王梦得
38307,林氏(方大琮妻)
38308,袁妙觉
38352,文元
38353,王悦
38356,王永富
38369,王谨礼
38372,王墨卿
38389,王容
38409,王献臣
38417,王
38431,王挥
38433,王宣
38481,文继贞
38488,毛子中
38489,方元吉
38493,方元恪
38495,王木
38510,方元英
38519,毛公亮
38522,毛以谟
38525,支时起
38527,王升
38528,张子觉
38534,楼氏(石文妻)
38548,毛庠
38552,阮氏(王复母)
38553,毛拱巳
38557,王复
38583,柴氏(王胜妻)
38585,石俣
38589,毛邦翰
38596,毛惠然
38607,毛鼎新
38618,毛震龙
38619,毛?
38648,牛大年
38655,王申
38699,王吉
38731,石延庆
38739,田佐
38748,方宗升
38752,高宗商
38755,王聿求
38758,田伦
38761,王遇
38767,王休
38785,田琳
38807,方彦老
38808,王自中
38809,方彦惠
38823,王椿
38826,施氏(王自中母)
38828,王自成
38845,方时发
38856,方梅卿
38900,王埙
38918,刘若川
38930,高氏(方万里妻)
38942,方闻一
38956,田重进
38964,方德顺
38970,王宏
38971,王君
38973,方泽需
38977,左揆
38978,杨复
38983,方应发
38984,龚栗
38988,王万
38990,王志叔
38995,方懋德
38996,王万
38998,龚夫
39002,袭盖卿
39022,左誉
39025,赵氏(王孚妻)
39028,萧氏
39033,饶廷直
39034,王传
39044,史公亮
39046,范氏(史公亮母)
39053,孙氏(史木妻)
39080,王涤
39122,史松老
39138,王蒙
39152,洪氏(史浩母)
39153,贝氏(史浩妻)
39167,史岘
39169,家氏(史岘母)
39181,句如埏
39199,元q
39201,勾昌泰
39222,丘升
39225,句龙梁
39226,钱氏(句龙梁妻)
39230,句龙复成
39235,江介
39237,江正
39248,江泳
39251,句龙权
39257,丘
39260,池从周
39261,蒋仲武
39264,张氏(王妻)
39266,臧氏
39277,江符
39282,丘义
39292,吕大圭
39295,崔氏(包X妻)
39314,包因器
39315,江模
39316,安蕃
39318,包道成
39342,宋氏(江汝明妻)
39358,王彝卿
39366,欧阳氏(王邦V妻)
39368,王廷老
39387,安昭祖
39391,汪氏(王炎妻)
39398,朱完
39412,王庚
39423,朱京
39435,成氏(王伯庠妻)
39437,王尚
39441,王源
39455,蔡和
39461,王升
39491,朱士聪
39515,朱元瑜
39553,米复
39565,李氏(艾谦妻)
39571,章琰
39586,王所
39623,全永叔
39627,王洪
39633,全何孙
39644,伍总
39651,朱章
39666,朱伯起
39681,朱桴
39706,仰忻
39714,刘氏(朱埴母)
39720,印应雷
39747,沈文炳
39753,任渊
39757,车若水
39759,沈世显
39763,任渊
39766,任逢
39769,史氏(任逢母)
39775,任绍
39779,朱泰卿
39785,朱起章
39786,沈良能
39811,朱时敏
39814,沈平
39815,钱氏(沈长卿母)
39849,牟少真
39853,朱敦仁
39877,沈信
39878,沈纯诚
39884,林氏(任一鹗母)
39900,沈连
39922,沈
39929,汪元春
39931,唐季乙
39948,汪立信
39949,沈端辅
39951,吴文刚
39975,朱赓
39982,汪廷右
39995,尹躬
40001,朱鲁叔
40002,尹耕
40009,胡三省
40010,胡伸
40019,汪汲
40026,汪杞
40046,宋
40073,汪清卿
40074,汪待举
40076,汪涓
40083,汪坚老
40085,宋士达
40087,朱质
40091,车似庆
40093,汪乔年
40097,宋`
40099,汪楚材
40103,宋之源
40104,孙嵘叟
40109,尹穑
40112,宋若水
40117,初虞世
40127,汪
40129,王氏(宋文仲母)
40132,宋\
40144,沈藻
40157,赵氏(沈瀛母)
40162,宋元则
40163,王文丽
40166,汪应元
40168,宋适
40178,成闵
40191,尹直卿
40204,宋有言
40216,汪翥
40224,尹起莘
40225,赵复
40230,宋普
40260,宋傅
40294,宋希孟
40297,李木
40299,释岩电
40305,宋蕴
40310,释继忠
40311,李松
40316,释觉辉
40318,杜希仲
40323,宋祁仲
40324,李氏(王孝曾妻)
40325,释觉如
40335,释蕴闻
40349,宋辉
40359,释宝声
40364,释宝谦
40366,释宝昙
40372,宋南强
40378,李炎子
40379,释宝印
40389,宋遇
40397,朱跸
40401,释赞元
40406,宋诲
40413,朱黼
40417,李丙
40419,释怀琏
40424,朱某
40429,释慧南
40431,释怀敞
40435,李司
40438,朱权
40440,宋晋之
40447,辛炳
40471,释怀素
40487,释怀祖
40500,辛克承
40519,李溥
40526,李伯钧
40582,李
40585,李诗
40586,李诜
40591,宋嗣孙
40593,宋万年
40614,宋德之
40615,李登
40624,李发
40642,释弥清
40657,释惟清
40667,许国
40671,释晓聪
40680,李靓
40688,释晓真
40693,释昙颖
40695,释昙莹
40697,释昙华
40712,释宗杲
40715,李鼎
40758,李子列
40774,杜范
40785,释随侃
40789,李诚之
40794,释遵式
40802,释德沾
40824,薛元亮
40860,倪氏(李华妻)
40861,李大训
40866,李杞
40880,李燔
40882,杜
40886,李进
40888,李大有
40892,李??
40916,李芾
40927,李侨
40930,李大谦
40940,李汝文
40951,李璜
40959,李晦
40963,李纶
40996,李大辩
41008,李应革
41013,李森
41016,李久善
41037,李之才
41051,李显忠
41054,李坤臣
41079,李亢宗
41089,郭允蹈
41092,李明复
41117,李良弼
41150,李燧
41154,李知柔
41167,邢m
41170,李允文
41174,徐尧臣
41191,李翼
41210,李耆寿
41220,李起渭
41259,邢孝扬
41264,李春叟
41269,蒋季荃
41286,李乔年
41292,李治
41297,李伯玉
41299,李??
41301,霍氏
41314,陈大震
41320,李伯敏
41326,吴仁
41334,李祁
41338,吴丙
41360,李滨老
41376,吴伸
41380,李简
41385,李雷应
41389,吴淇
41395,李茂先
41396,吴翌
41408,吴葵
41424,吴榘
41435,李弥纶
41436,吴潜
41437,李Y
41454,吕圻(吕折)
41455,吴天球
41474,李宝
41480,吴芑
41482,李鼐常
41483,吴墀
41499,李鹗
41505,吴仲贤
41511,吴泳
41518,李赓
41521,黄氏(李赓妻)
41527,吴
41534,吴必大
41538,吴炎
41548,吴正己
41588,吴燧
41632,庞氏(李嘉谋祖母)
41655,吴号
41660,吴愈
41664,吴孝先
41681,吴周
41703,吴居仁
41705,黄氏(吴渐妻)
41736,吕中
41740,吕仁
41743,吴执中
41749,吴贯林
41767,吴革
41768,陈氏(吴叔告母)
41775,傅子云
41782,吴寿昌
41802,吴绍古
41817,吴若
41818,别
41819,别之杰
41822,吴芾
41823,释德谌
41825,释德范
41826,吴闳道
41828,延玺
41834,余古
41836,释德诚
41846,释如纵
41847,吴英
41848,释德会
41850,余d
41851,释德云
41857,罗椅
41861,吴应酉
41869,吴海
41870,余信
41871,吴应贤
41878,何松
41889,吕开
41890,吴应龙
41894,何坦
41895,宗氏(吴应龙母)
41902,何侑
41911,吴振
41913,吕行中
41924,王氏(何恢母)
41925,赵崇
41929,喻氏(何恪妻)
41939,余靖
41945,余凤
41985,余铸
42013,何安宅
42030,余允文
42031,林羽
42032,何普
42043,滕恺
42063,余良弼
42064,吕思恭
42072,何希之
42092,何德循
42100,何伯谨
42101,钱时
42108,何霖
42113,林杞
42115,林大备
42119,何谦
42125,何伸
42129,林放
42137,余氏(余端臣女)
42142,方氏（吕大器妾）
42145,林垧
42148,黄裳
42153,吕大麟
42168,留梦炎
42182,林岳
42187,余应诚
42195,青阳梦炎
42200,吕元素
42219,林拾
42225,林l
42227,陈氏(吕友德母)
42231,程文海
42232,祁宽
42238,林复之
42243,林略
42253,林]
42266,幸元龙
42299,昔横
42303,林泾
42310,林植
42312,林栋
42315,吕坚中
42319,孙汝静
42322,林悦
42329,邵朴
42331,邵全
42355,孟程
42359,黄s
42370,陈岐
42373,林彖
42389,林演
42397,吕钦问
42425,林大春
42455,邵搏
42456,林敏功
42461,邵缉
42465,林善补
42469,陈氏(林善补母)
42470,林元晋
42501,林宋卿
42504,林孔彰
42512,林
42515,林允中
42522,林用中
42536,林公一
42551,林璋
42553,林o
42558,周因
42575,周沂
42577,林经德
42583,邵叔豹
42584,林端仲
42589,周良
42594,邵叔谊
42599,邵持正
42601,林梦隆
42603,林雷震
42609,林有之
42610,周\
42628,周元龟
42629,林宪卿
42634,吴氏(林宪卿母)
42643,周若讷
42645,朱氏(林颐叔母)
42646,周天骥
42653,季衍
42655,周允成
42664,周公?
42666,周坦
42669,周师清
42680,林应炎
42690,周淳中
42696,季概
42707,周奕
42709,林?协
42710,陈尧道
42722,卓先
42723,潘氏(周诜妻)
42730,季光弼
42735,周达节
42736,周勉
42755,卓得庆
42768,周珩
42771,周时
42787,周应合
42819,尚用之
42831,周云
42837,林
42845,周伯起
42848,林机
42886,王氏(林希逸母)
42887,林谟
42892,林廷龙
42895,沈氏(洪适妻)
42901,胡
42926,吕氏(胡括母)
42931,胡昭
42944,陈氏(周谊妻)
42947,周谊
42950,林居实
42974,陈鹏飞
42979,胡航
42980,胡绩
42981,林易简
42987,吴氏(胡渊妻)
42990,周]
42991,林叔清
42997,施峻
43006,张氏(孙介妻)
43007,罗适
43010,赵镇
43011,冯端方
43012,陈僖
43013,鲍俊德
43014,赵伯直
43019,胡寅
43020,谢雩
43021,释智策
43022,释宗珏
43023,释智鉴
43026,释法恭
43029,释景蒙
43031,释惠询
43032,释从廓
43035,释志连
43040,胡常
43054,胡扬
43063,汤烈
43074,周谔
43092,赵恺
43094,胡榘
43104,张氏(胡铨祖母)
43107,周颖
43109,刘氏(胡铨妻)
43116,林周卿
43118,周霞
43127,范栋
43132,胡谊
43134,胡谦
43135,汪茂良
43140,施士衡
43145,周谟
43155,綦更生
43158,施宜生
43161,林思哲
43164,范汝为
43171,胡霖
43174,胡颖
43184,施庭臣
43195,袁氏(林祖洽母)
43211,胡处约
43215,柴望
43224,李氏(胡镐母)
43228,胡敦实
43260,柴叔达
43279,林师鲁
43290,胡闳休
43293,胡元琰
43301,胡元衡
43306,茅拱
43313,胡景修
43330,胡景颜
43350,茅宗明
43373,胡舜陟
43374,郭天信
43375,茅宗愈
43383,胡安之
43389,苏幼安
43390,洪无竞
43396,胡咸
43403,胡仲威
43408,洪龟朋
43410,胡仲舒
43411,洪应辰
43423,许复道
43426,陈元忠
43450,胡宏甫
43459,胡炎
43460,翁定
43485,林彬之
43497,胡履刚
43508,韦许
43510,范如山
43512,张氏(范如山妻)
43513,胡应之
43520,姚
43530,俞丰
43588,范念德
43589,俞庭椿
43604,范淑
43621,诸葛千能
43622,戴氏(高公亮妻)
43662,高可仰
43676,唐重
43713,柯翰
43719,王氏(范y妻)
43731,柯梦得
43732,唐棣
43735,柯维翰
43763,高氏(魏革妻)
43806,李氏(高稼妻)
43841,林元仲
43852,范浚
43856,侯仲震
43872,高桂
43873,唐尧章
43880,吴悦之
43893,侯思孺
43896,唐辂
43913,高常
43920,范子坚
43954,高商老
43964,范应铃
43966,段鼎
43974,唐佑之
43982,唐季度
44014,段昌世
44017,范中立
44054,皇甫焕
44096,某氏(席旦妻)
44104,席贡
44116,马范
44124,邹妙庄
44138,史稷
44143,程曼卿
44144,陈照
44210,马扩
44214,俞翊
44226,袁镛
44228,孙伟
44240,高泽
44257,马天骥
44260,祝泌
44263,姚济
44282,高谈
44297,高枢
44307,秦d
44309,姚元泰
44334,姚公烈
44341,孙道
44343,祝天辅
44354,姚汝贤
44364,孟行古
44365,陈庭坚
44366,叶山
44367,章甫
44368,p津
44372,杨恂
44377,戴衍
44379,胡宗
44384,孙逢吉
44393,张说
44397,马大同
44410,郎凡
44413,姚宏中
44422,叶诞
44426,叶臻
44431,楼蕴
44432,张勰
44437,卢大经
44438,刘墉
44439,张淑坚
44440,游d
44453,国子纲
44466,刘滂
44490,曹晔
44498,章用中
44499,孙宪文
44500,徐安国
44501,唐季渊
44502,徐宗卿(字)
44503,康文虎
44504,黄人杰
44515,郎翥
44520,孙景玉
44530,柳申锡
44538,夏休
44550,孙福翁
44553,孙蒙正
44577,孙调
44578,高擢
44580,章铸
44586,姚耆寅
44599,胡升
44600,孙德舆
44615,孙稷
44620,孙讽
44623,强氏(孙稷妻)
44632,孙
44635,孙锐
44659,陈刚
44664,吕孝祥
44666,高观
44667,江注
44668,吴仪凤
44670,王抑
44672,潘友昭
44678,邵度
44680,徐暄
44681,徐时V
44687,郑良臣
44688,卢琰
44689,方自牧
44690,巩岘
44698,姚献可
44714,胡仔
44733,孙观国
44746,高子凤
44751,何道融(凌坚母)
44817,夏明诚
44821,孙q
44823,夏氏(赵s妻)
44838,夏庭简
44841,夏思恭
44845,罗锷
44846,施氏(孙邈继母)
44850,晁氏(孙镇妻)
44855,夏康佐
44857,朱氏(夏康佐母)
44861,涂大向
44865,涂公达
44880,孙绘
44910,晁百谷
44940,唐氏(胡宏妻)
44962,李氏(胡泳妻)
44968,孙九叙
44972,孙子秀
44974,胡杰
44978,员氏(孙书言妻)
44981,员兴寅
44982,吴氏(孙之宏母)
44984,孙之翰
44985,王颐
44988,何耆仲
44992,徐照
44994,徐玑
45004,徐定
45007,徐u
45009,师璇
45038,孙明仲
45041,徐畸
45051,章夏
45055,袁亮
45059,袁桂
45079,蒋重珍
45095,某氏(孙汝翼妻)
45098,章森
45102,孙洋
45115,徐凤
45120,田氏(章椿母)
45126,徐蒙
45139,孙素
45145,章绶
45153,陈元勋
45162,晏巽
45164,郭氏(晏巽妻)
45174,盛氏(章鉴母)
45185,魏行可
45202,孙松寿
45209,郭正孙
45217,章寅臣
45220,孙叔豹
45233,孙彦及
45236,郭汝该
45238,郭杭
45256,陈(时纺)
45259,潘景良
45263,郭荣之
45271,郭庆道
45281,孙惟信
45282,郭应祥
45283,孙惟恭
45308,许升
45318,许仲
45321,许经
45323,张正因
45343,许伸
45346,于悦道(字)
45362,许锡
45370,孙贯
45372,许飞
45389,许俊
45409,许干誉
45415,许文蔚
45418,章应龙
45420,章谦亨
45422,许德之
45423,章辟之
45424,戴氏(许德之妻
45492,许巨川
45517,曹宏
45523,曹辅
45525,厉德斯
45530,曹易
45545,许叔度
45553,曹尧咨
45554,曹锡
45555,曹建
45619,释梵隆
45653,曹崇之
45657,曹逢己
45665,王氏(曹彦约妻)
45671,曹晋伯
45672,曹晋叔
45674,张有
45723,康保裔
45737,丁仲澄(字)
45757,张甸
45766,戴氏(丁世雄妻)
45787,方煜
45799,王万
45841,王~
45864,王鸿志
45867,王子知
45881,王士朋
45889,王之才
45891,王之佐
45894,孙氏(王之道妻)
45900,王定国
45902,卓氏(王居仁妻)
45903,刘氏(王明发母)
45907,王处存
45913,孔从龙
45946,杨氏(朱黼母)
45953,朱氏(沈与求岳母)
45967,李登
46003,李从礼
46041,某氏(林大中母)
46046,朱氏(林颐叔母)
46050,季说
46092,胡绩
46097,俞允文
46099,高纯鲁
46102,马A
46104,孙端
46110,奚商衡
46124,翁忱
46125,翁谷
46127,翁定
46147,倪洪
46148,倪
46150,倪普
46167,某氏(徐木母)
46177,徐存
46193,徐拱
46202,徐桂
46206,徐淮
46213,徐寓
46216,徐揆
46220,徐逸
46227,徐诩
46228,徐愧
46229,吴氏(徐u妻)
46234,徐澄
46236,徐赓
46237,留氏(徐赓母)
46239,宋氏(徐谊妻)
46246,徐宪
46247,徐霖
46259,徐子卿
46263,徐大用
46269,徐元方
46293,徐希周
46296,徐邦宪
46302,徐宗盛
46309,徐陟明
46310,徐时V
46313,甘氏(徐鹿卿母)
46317,陈氏(徐处仁妻)
46340,徐寿卿
46341,徐朝卿
46346,徐枢年
46351,徐应镳
46361,师浑甫
46367,郗渐
46368,傅氏(郗渐妻)
46415,梁大用
46416,梁士衡
46418,梁仲敏
46419,梁仲钦
46443,梁应庚
46446,梁观国
46480,郭永
46499,郭洗
46521,郭堂
46527,郭伟
46555,郭震
46559,郭阊
46589,连必远
46608,张午
46648,张d
46671,张牧
46689,张珏
46718,张哲
46729,张修
46734,张渊
46737,张淳
46738,潘氏(张淳妻)
46766,张渭
46767,张湛
46785,张琪
46791,张琬
46796,周氏(张植妻)
46797,张棣
46821,张贲
46837,骆氏(张阅)
46849,张汉
46852,张宁
46855,张荣
46870,罗氏(张维妻)
46881,王氏(张]妻)
46895,张Q
46896,张绪
46899,张潞
46918,张钢
46927,张
46940,张简
46942,张辖
46987,张大经
46988,张才叔
47007,张元简
47067,张安国
47072,张守真
47074,张宇发
47082,张自明
47112,赵氏(张孝恺妻)
47126,张伯子
47130,张伯常
47134,张邦远
47162,张周辅
47170,张彦清
47199,张祖顺
47234,张从祖
47246,徐氏(张扬卿母)
47247,张超宗
47268,张道洽
47269,张道清
47275,张嗣古
47286,张端弼
47287,张端义
47302,张莹中
47328,张横孙
47330,张兴祖
47341,张应运
47348,张献忠
47350,张继先
47366,陈氏(朱伯履妻)
47368,陈介
47394,陈杞
47399,陈泌
47403,梁妙惠
47407,陈协
47414,陈易
47425,陈洙
47429,黄氏(陈亮母)
47470,陈|
47487,聂柔中
47501,张氏(陈造妻)
47515,陈云
47525,陈琦
47531,陈森
47540,陈策
47561,陈D
47564,陈葵
47566,陈万
47585,陈遘
47602,陈震
47606,陈瑾
47607,时氏(陈确母)
47622,陈烨
47623,陈
47628,陈选
47630,陈玑
47631,何氏(陈玑妻)
47678,陈岩
47694,陈子强
47699,陈士宏
47704,陈宗伟
47706,陈大方
47709,陈大用
47725,陈文莹
47731,黄氏(陈凯妻)
47732,陈元桂
47740,陈天锡
47741,林氏(陈天锡妻)
47748,陈日强
47753,陈允平
47757,陈公亮
47762,陈公Z
47764,陈公夔
47781,陈以庄
47784,陈用庚
47789,陈汝楫
47832,陈君默
47833,陈克已
47839,陈求鲁
47840,陈志同
47845,陈廷杰
47860,陈宗伟
47877,陈武龄
47890,陈季雅
47910,陈昭度
47923,陈诜
47924,卓氏(陈诜妻)
47925,聂氏(陈俊卿妻)
47932,姚氏(陈m妻)
47933,祝氏(陈耆卿妻)
47936,陈刚中
47941,陈师宋
47960,陈国卿
47961,陈国宁
47969,陈咏之
47972,陈尧英
47981,陈景元
47984,陈景东
47986,陈景肃
47996,陈义民
48002,陈万年
48013,陈瑞中
48014,项氏(陈说之继室)
48020,陈与行
48023,陈槐卿
48040,陈德高
48061,陈懋简
48062,陈弥高
48068,陈鹏飞
48075,陈显公
48079,陆府
48085,陆峻
48088,陆琰
48090,陆经
48100,陆子
48104,陆生虞
48109,陆彦回
48111,陆垣之
48113,陆时雍
48115,陆从龙
48125,陆鹏升
48129,陶崇
48133,陶熏
48141,陶梦桂
48157,常挺
48199,崔公度
48202,崔志亨
48211,崔若砺
48238,娄铸
48243,娄宽夫
48246,彪居正
48247,彪虎臣
48248,莫及
48249,叶氏(莫及妻)
48258,虞氏(莫子纯母)
48265,庄夏
48315,冯湛
48317,冯椅
48331,冯v
48339,冯一德
48346,冯元补
48349,冯允中
48350,冯去非
48361,冯邦左
48368,冯施叔
48370,冯庭坚
48381,冯梦得
48384,厉氏(冯兴宗祖母)
48385,李氏(冯兴宗母)
48424,汤q
48448,童
48455,童伯羽
48467,宁隽
48480,曾思
48484,曾
48487,张氏(曾发妻)
48488,曾极
48489,曾?
48500,曾熠
48505,曾峄
48510,曾士倬
48512,曾之谨
48513,曾文仲
48522,曾安止
48523,曾安强
48525,曾式中
48526,曾光祖
48527,李氏(曾光祖母)
48529,王氏(曾行中母)
48534,曾彦圭
48536,曾祖道
48545,曾兴宗
48558,黄申
48562,黄同
48569,黄何
48576,黄虎
48579,黄牧
48581,黄洽
48613,黄涣
48617,黄闶
48626,黄凯
48636,黄预
48638,黄椿
48643,黄葵
48647,李氏(黄齐母)
48648,陆氏(黄齐妻)
48650,黄嘉
48653,黄硕
48657,黄裳
48680,黄衡
48685,黄钟
48686,黄锾
48687,黄纵
48706,黄子衡
48722,黄日新
48733,黄正己
48739,黄以宁
48748,黄自信
48752,黄仲本
48753,黄仲炎
48758,黄沐之
48772,黄伯固
48795,黄振龙
48798,黄惟孝
48799,黄惟直
48800,黄惟深
48819,黄义勇
48824,黄葆光
48825,黄端冕
48836,黄履翁
48840,黄樵仲
48859,费肃
48862,费元之
48902,项复
48913,项博文
48918,阳鼐
48919,阳恪
48923,阳景春
48931,彭恪
48936,彭湛
48937,彭期
48954,彭千里
48955,彭方迥
48959,彭元亨
48967,彭宗茂
48968,彭叔度
48973,彭惟孝
48977,彭义斌
48978,彭运成
48979,彭图南
48983,彭兴宗
48997,王氏(喻师妻)
49000,王氏(喻民献母)
49004,喻南强
49006,华镗
49047,傅修
49048,傅寅
49051,傅渚
49073,傅正夫
49083,傅时中
49086,傅梦泉
49100,程垣
49107,邓氏(程俱母)
49117,程掌
49119,程绚
49133,程
49134,谭幼玉
49139,程某
49157,程立诚
49161,程以谦
49170,程伯友
49171,程伯强
49177,程南金
49186,程绍开
49187,程新恩
49208,舒杲
49211,舒扬
49233,涂近正
49234,涂勉仲
49235,涂禀秀
49236,涂应楠
49240,雍坚
49247,禄柬之
49248,禄坚复
49254,贾林
49277,贾孝
49278,贾廷佐
49284,贾P之
49286,贾若思
49291,贾逸祖
49298,贾麟之
49305,雷震
49312,王氏(雷宜中母)
49350,杨杞
49351,杨扶
49369,杨恢
49378,杨纪
49382,荚氏(杨训母)
49401,杨绍
49430,杨炜
49433,杨椿
49434,彭氏(杨椿母)
49461,杨璞
49464,杨兴
49467,杨济
49492,杨子谟
49493,杨士(仕)训
49504,杨无咎
49510,杨允恭
49514,杨公节
49520,杨申之
49526,杨汝南
49539,杨先进
49545,杨汪中
49547,杨良孺
49554,杨伯雨
49570,杨明复
49598,杨某
49610,杨文叔
49611,杨畸翁
49619,杨与立
49657,郎氏(虞俦母)
49661,赵氏(虞刚简妻)
49664,?渊
49669,路康
49688,董耘
49710,董观
49747,万谔
49753,万宗大
49755,叶介
49760,叶东
49765,叶洪
49772,叶时
49777,叶梓
49778,叶伟
49784,叶
49787,叶楠
49797,叶模
49804,闻氏(叶衡妻)
49807,叶篑
49813,叶士宁
49814,叶士龙
49821,叶文炳
49822,叶元老
49830,叶秀发
49832,叶宗山
49834,叶武子
49836,叶秉文
49838,叶洵仁
49867,葛赓
49883,邵氏(詹\妻)
49884,詹谷
49885,詹何
49899,詹友端
49906,詹廷坚
49915,解元
49928,邹定
49931,邹陔
49934,邹淮
49935,邹斌
49936,邹陶
49937,邹雯
49945,邹余
49951,邹宗谟
49953,邹近仁
49957,邹梦遇
49958,邹应博
49959,邹应龙
49990,廖叔谨
49991,廖彦修
50012,翟兴
50026,胡氏(赵方妻)
50061,赵阜
50089,赵
50115,赵逵
50123,杨氏(赵雄母)
50143,赵楷
50153,赵
50161,赵远
50168,赵纲
50183,赵谌
50192,赵
50215,赵九龄
50237,赵子嶙
50262,赵士跋
50278,赵士
50282,赵士?
50297,赵大忠
50313,赵不泯
50315,赵不拙
50326,赵不q
50327,赵不独
50344,赵公育
50346,赵公迈
50347,赵公瀚
50402,赵占龟
50413,赵令松
50444,赵令鼐
50464,赵卯发
50471,赵汝固
50476,赵汝
50487,赵汝禀
50494,赵汝廪
50497,赵汝暨
50498,赵汝盥
50507,楼氏(赵汝铎妻)
50511,赵至道
50582,赵仲儡
50647,赵希
50654,赵希
50672,赵伯深
50678,顾静华
50706,赵性夫
50771,赵叔问
50795,杨氏(赵彦绕)
50800,李洞安
50805,赵彦覃
50806,赵彦肃
50807,赵彦博
50808,赵彦堪
50830,赵若虚
50840,王惠真
50850,赵时逢
50852,赵时棣
50856,赵时贤
50861,赵时
50863,赵时镖
50870,赵师
50871,陈氏(赵师?妻)
50874,赵师恕
50881,闻人氏(赵师龙妻)
50898,赵崇垓
50900,赵崇栗
50912,赵崇g
50919,赵崇禅
50939,赵善A
50940,毛氏(赵善A母)
50944,赵善珍
50948,赵善??
50952,赵善发
50955,赵善涟
50966,赵善誉
50971,赵隆孙
50972,赵景纬
50974,赵顺孙
50976,赵资道
50985,赵睦之
51027,赵与纵
51030,赵与欢
51043,赵樗年
51060,赵韪夫
51064,赵怀恩
51065,赵辚之
51069,赵钥夫
51072,闻人誉
51089,臧铿
51090,臧镛
51129,裴嘉祥
51130,裴梦得
51132,赵氏(管鉴妻)
51138,周氏(熊大经母)
51155,潘约
51167,潘墀
51172,潘焘
51190,潘材之
51192,潘昌年
51197,潘致尧
51200,潘惟一
51205,潘慈明
51207,潘谋世
51209,潘择师
51224,郑d
51230,侯氏(郑洙母)
51231,蒋氏(郑洙妻)
51239,郑浦
51240,郑猎得
51249,郑伦
51250,方氏(郑伦岳母)
51256,郑u
51259,郑域
51272,郑瑞
51288,郑颉
51290,郑【卤木】
51310,郑岩
51314,郑士懿
51316,郑大惠
51319,郑文y
51342,郑宅心
51345,郑良臣
51346,郑良朋
51352,某氏(郑伯熊母)
51371,郑知微
51378,黄纯德
51391,郑景纯
51395,郑鼎新
51405,郑济甫
51416,樊允南
51439,楼应元
51455,邓庾
51460,邓驿
51463,邓友龙
51471,邓聘君
51474,邓洵侯
51477,邓柔中
51479,邓若水
51485,邓传之
51491,邓应午
51493,欧良
51507,欧阳行甫
51518,欧阳邦基
51535,蒋真
51539,蒋
51545,蒋亿
51553,郭氏(蒋鹗妻)
51560,蒋公顺
51575,梁氏(蒋继周妻)
51581,蔡定
51594,蔡武
51596,南公
51611,蔡必胜
51616,蔡仲龙
51620,蔡念成
51631,蔡弥邵
51644,黎自昭
51649,乐才
51661,滕洙
51665,滕铅
51669,滕U
51673,滕处厚
51688,陈氏(刘式妻)
51690,刘光
51696,刘汲
51710,刘法
51712,刘炎
51714,刘承
51725,刘洙
51726,刘洽
51731,刘m
51734,刘泾
51743,刘恭
51745,刘
51753,刘章
51766,刘涣
51769,刘
51778,刘琮
51779,刘琥
51780,刘k
51787,刘
51803,刘愈
51818,刘n
51840,董氏(刘颖母)
51846,欧阳氏(刘獬妻)
51857,刘b
51865,刘澜
51866,刘砺
51875,刘俨
51876,刘鉴
51879,刘人杰
51880,刘九垓
51886,刘子寰
51891,刘士
51892,刘大声
51900,刘文炳
51901,刘文郁
51909,刘某
51910,刘元刚
51920,刘允迪
51921,钱氏(刘允迪母)
51938,刘正之
51940,刘世南
51946,徐氏(刘莹妻)
51967,林氏(刘克庄继室)
51980,刘伯正
51981,刘伯熊
52002,刘尚之
52011,刘知过
52012,刘洪道
52015,刘南甫
52022,刘庭老
52052,刘景明
52073,刘杞
52081,刘仪凤
52083,刘德泽
52093,刘应凤
52115,诸葛仲文
52177,卢习
52183,卢钺
52184,卢察
52213,卢祖皋
52225,萧常
52239,萧仁杰
52240,萧正奇
52242,萧安中
52246,萧建功
52259,卫炳
52274,穆深之
52300,钱悦
52301,江氏(钱妻)
52306,钱绅
52308,钱弼
52314,钱廓
52331,钱安国
52351,应洙
52353,应恕
52357,应?
52392,谢达
52400,谢誉
52414,谢守灏
52417,谢克恭
52441,谢尧仁
52443,谢舜宾
52458,韩永
52459,李道康
52464,韩甲
52475,韩昌
52510,韩大伦
52511,张法善
52527,刘氏(韩仲通母)
52534,韩邦光
52567,薛绂
52581,余氏(薛Q母)
52582,薛据
52584,薛子长
52591,黄氏(薛叔似妻)
52595,薛彦博
52596,薛师邵
52607,钟\
52618,钟仁卿
52622,钟季正
52623,钟季玉
52624,钟照之
52625,钟俊卿
52627,缪昭
52633,缪仲公
52636,鲜于广
52665,戴佛夫
52666,戴桷
52668,戴经
52679,戴良齐
52682,戴翊羽
52684,戴景魏
52700,简修
52702,简世杰
52703,储用
52721,魏胜
52738,魏安石
52751,魏谦光
52766,谭助
52773,左氏(谭吉先妻)
52778,谭知礼
52786,谯椿
52787,谯仲午
52791,关??
52793,关耆孙
52798,罗俊
52800,赵崇玉
52805,罗伟
52806,袁氏(罗椅妻)
52808,章氏(罗复祖母)
52810,罗椿
52826,罗公升
52830,罗如松
52843,罗起宗
52844,罗惟一
52847,罗惠迪
52875,严滋
52884,严致尧
52887,严师夔
52896,苏序
52923,苏在F
52934,苏云卿
52950,释印
52952,释延
52960,释杲
52962,释明
52964,释岳
52965,释奕
52966,释持
52969,释
52972,释清
52975,释然
52977,释源
52980,释勤
52982,释诚
52983,释寿
52984,释远
52985,释闻
52987,释
52989,释赐
52991,释昙
52992,释谟
52996,释觉
52998,释鉴
53000,释鉴
53001,释了一
53003,释了如
53005,释了居
53008,释了信
53009,释了悟
53010,释了彬
53013,释了敬
53015,释了缘
53016,释了朴
53018,释了聪
53023,释子昕
53025,释子原
53026,释子渊
53028,释子国
53032,释子猷
53034,释子证
53036,释大才
53037,释大成
53046,释文杲
53053,释文刚
53054,释文雅
53057,释文准
53059,释文尔
53073,释元智
53077,释元粹
53079,释元聪
53081,释元鉴
53089,释日智
53091,释中杰
53092,释中
53095,释允宪
53096,释允亲
53097,释允禧
53099,释月岩
53100,释介石
53109,释永庆
53112,释永聪
53115,释可文
53116,释可用
53117,释可臣
53118,释可宗
53127,释可端
53130,释正一
53132,释正受
53135,释正韶
53138,释正觉
53139,释巨然
53143,释本铨
53144,释本澄
53145,释本慧
53146,释本觉
53153,释用良
53156,释幼宗
53161,释汝明
53167,释守净
53169,释守讷
53176,释守璞
53178,释至叶
53200,释全宗
53207,释丘^
53209,释仲殊
53211,释仲参
53219,释行钦
53223,释行标
53227,释如戒
53228,释如尚
53231,释如
53233,释如湛
53234,释如琰
53236,释如靖
53237,释如闻
53238,释如洁
53239,释如莹
53248,释志淮
53253,释志远
53254,释志蒙
53255,释克文
53256,释克勤
53258,释戒空
53259,释戒诠
53271,释希夷
53272,释希表
53274,释希问
53277,释希觉
53280,释妙印
53281,释妙朴
53283,释妙伦
53284,释妙崧
53290,释妙堪
53292,释妙演
53293,释妙琏
53296,释妙琼
53297,释法一
53299,释法文
53301,释法永
53310,释法成
53311,释法秀
53312,释法秀
53314,释法林
53321,释法海
53331,释法圆
53334,释法会
53339,释法辉
53340,释法缘
53341,释法灯
53342,释法迁
53347,释法蕴
53349,释法赞
53353,释宗式
53358,释宗要
53359,释宗珏
53361,释宗绂
53363,释宗会
53366,释宗慧
53368,释宗晓
53369,释宗禅
53370,释宗译
53375,释定圜
53383,释居宽
53384,释居惠
53392,释忠信
53395,释明颐
53396,释秉雍
53409,释彦康
53415,释契彝
53422,释思古
53424,释思净
53427,释思义
53432,释昭觉
53447,释祖日
53451,释祖信
53452,释祖祥
53456,释祖钦
53457,释祖源
53458,释祖意
53460,释祖贤
53461,释祖标
53462,释祖辉
53467,释悟心
53470,释悟纯
53472,释悟超
53473,释悟诠
53476,释真净
53483,释修宪
53487,释师玉
53489,释师序
53490,释师训
53491,释师绍
53492,释师善
53493,释师瑞
53495,释师范
53496,释师简
53500,释纯粹
53501,释清了
53504,释清秀
53507,释清凉
53508,释清梵
53509,释清皎
53514,释清远
53520,释净悟
53526,释净昙
53539,释惟则
53546,释惟靖
53547,释惟
53559,释宗岳(岳)
53562,释处良
53573,释从演
53577,释敏传
53579,释绍月
53580,释绍宗
53581,释绍宗
53583,释绍南
53584,释绍祖
53586,释纪隆
53591,释绍觉
53595,释普明
53599,释普璇
53600,释善月
53603,释善秀
53606,释善信
53609,释善能
53610,释善通
53611,释善彬
53612,释善崇
53615,释善
53617,释善应
53618,释善权
53624,释惠行
53626,释惠定
53630,释惠真
53635,释惠通
53636,释惠通
53646,释超然
53652,释景元
53655,释景涧
53656,释景暹
53657,释为才
53658,释无用
53659,释用沔
53662,释无尽
53664,释智日
53667,释智本
53668,释智本
53673,释智京
53674,释智性
53677,释智海
53679,释智清
53681,释智淳
53682,释智讷
53686,释智卿
53690,释智愚
53696,释智融
53697,释智昙
53700,释智观
53701,释进英
53707,释义光
53709,释义深
53710,释义云
53715,释道元
53716,释道月
53717,释道升
53718,释道仙
53719,释道安
53723,释道全
53724,释道如
53725,释道冲
53727,释道亨
53731,释道果
53733,释道昌
53736,释道容
53737,释道恭
53738,释道渊
53746,释道隆
53753,释道楷
53759,释道愿
53762,释道缘
53763,释道泽
53765,释道谦
53767,释道颜
53769,释靖素
53772,释楚安
53774,释达观
53776,释圆悟
53777,释圆智
53781,释遇贤
53789,释传明
53792,释齐岳
53794,释福山
53800,释慈严
53804,释维良
53811,释庆预(誉)
53815,释广言
53816,释广惠
53817,释广勤
53819,释广照
53821,释广闻
53822,释广慧
53823,释谅元
53835,释慧明
53838,释慧恭
53840,释慧深
53841,释慧寂
53842,释慧梵
53843,释慧通
53844,释慧通
53850,释慧沧
53853,释慧远
53854,释慧绰
53858,释慧觉
53863,释德光
53868,释德修
53870,释德章
53871,释德庄
53872,释怀璧
53873,吕氏(饶干母)
54887,查慎行
54939,江璧
55084,盛宣怀
55716,张九成
55819,黄之隽
56513,孙衣言
61623,王赠芳
61632,吴杰
62888,朱祖谋
63533,彭邦畴
63615,冯煦
64265,孙诒让
64839,胡思敬
65602,李之藻
65745,刘毓崧
65804,焦f
65924,伍崇曜
66418,吴佑
67787,周洪谟
68086,黄巩
68092,杨廷和
68196,姚镆
68547,徐阶
71184,王
71589,王舟瑶
72219,王魏胜
73128,叶廷管
76212,孙毓修
76771,杨希闵
79221,汪森
80517,张寿镛
80623,张尚瑗
80926,张敦仁
82482,范春林
86756,徐鉴
94724,韩熙载
95441,符初
95511,郭逍遥
95649,余鳌
96217,孙介宗
97377,柴叔达
97600,汪文振
97950,王潭
97971,王瓒
98280,罗必先
98300,翟繁
98664,陆世良
99008,黄瀚
99207,薛师旦
99706,赵??夫
99804,都e
99959,詹观
100679,王沂
103419,李道谦
105194,唐棣
105468,徐怡
107146,张特立
108888,舒岳祥
110345,赵成
112080,穆??祖
116790,塔必迷失
123572,芮晔
134149,王汝梅
137251,倪r
201270,童品
338269,李泳
338270,吴友闻
339297,赵希愉
339303,赵与N
339305,赵孟
385263,程氏(吕大伦妻)
385268,吕祖
385302,吕袤年
386206,邵自元
